7.58,5.23,1.12,2.27,0.25,0.06
7.19,5.02,1.09,2.21,0.24,0.05
6.8,4.79,1.05,2.15,0.23,0.05
6.43,4.69,1.02,2.12,0.23,0.04
6.95,5.25,1.05,2.28,0.35,0.05
6.8,5.13,0.9,2.13,0.25,0.05
7.19,6.16,1.19,2.55,0.48,0.06
10.32,8.02,1.42,2.99,0.8,0.08
8.8,6.15,1.21,2.45,0.45,0.04
7.58,5.5,0.99,2.33,0.36,0.03
6.95,5.54,1.05,2.46,0.33,0.03
6.8,5.35,0.99,2.32,0.3,0.03
6.05,5.59,1.01,2.3,0.3,0.03
6.05,5.46,0.95,2.28,0.27,0.03
6.27,4.93,0.91,2.25,0.26,0.03
6.95,6.61,1.32,2.99,0.32,0.13
7.98,7.85,1.74,4.93,0.51,0.26
31.08,26.64,4.85,10.08,1.53,0.32
21.18,15.99,3.04,5.08,0.68,0.16
21.29,18.76,3.91,10.74,2.88,0.27
79.06,50.19,10.64,20.69,5.54,0.5
39.17,28.93,6.55,7.95,1.37,0.2
29.52,22.52,5.16,5.82,1.21,0.17
22.94,18.04,4.13,4.8,0.93,0.15
20.75,13.64,3.74,4.63,0.87,0.2
20.02,12.1,3.78,4.13,0.77,0.18
25.99,11.75,4.33,6.25,2.23,0.27
33.55,11.5,4.32,5.77,1.57,0.22
24.06,11.25,3.96,4.49,1.03,0.17
20.75,11,3.55,4.11,0.84,0.16
18.63,10.97,3.18,3.8,0.72,0.14
17.6,10.81,2.99,3.74,0.66,0.14
16,9.5,2.69,3.43,0.59,0.13
14.62,8.97,2.56,3.3,0.56,0.12
14.62,8.32,2.41,3.11,0.51,0.11
13.2,7.54,2.29,3.04,0.47,0.1
12.73,7.39,2.18,3.03,0.44,0.09
11.82,6.6,2.06,2.76,0.42,0.08
11.19,6.28,1.96,2.7,0.4,0.08
9.88,5.9,1.88,2.64,0.4,0.07
9.46,5.65,1.78,2.58,0.38,0.06
9.46,5.51,1.72,2.55,0.37,0.06
9.04,5.09,1.68,2.51,0.36,0.06
8.79,4.89,1.53,2.49,0.35,0.06
8.38,4.74,1.32,2.46,0.32,0.06
8.79,4.45,1.3,2.38,0.32,0.06
8.63,4.26,1.29,2.32,0.31,0.06
7.82,4.35,1.29,2.28,0.32,0.06
11.82,5.64,1.4,2.7,0.76,0.09
10.49,4.54,1.29,2.42,0.5,0.07
9.2,3.99,1.26,2.28,0.45,0.06
10.06,4.35,1.32,2.65,0.71,0.1
14.15,6.22,1.46,3.03,0.93,0.15
12,5.03,1.32,2.62,0.71,0.1
11.01,4.69,1.24,2.48,0.58,0.08
10.49,4.5,1.21,2.41,0.48,0.08
10.49,5.02,1.24,2.71,0.59,0.13
10.92,4.89,1.18,2.71,0.52,0.14
9.63,4.21,1.14,2.53,0.48,0.1
9.37,4.15,1.14,2.56,0.49,0.09
10.83,5.79,1.2,3.23,0.61,0.2
10.92,5.26,1.16,2.87,0.5,0.15
10.92,5.34,1.16,2.95,0.55,0.12
12.45,6.09,1.13,3.32,0.81,0.18
12,5.62,1.11,3.05,0.67,0.15
11.82,5.36,1.07,2.96,0.61,0.14
11.1,5.07,1.08,2.84,0.56,0.12
11.18,5.34,1.07,2.88,0.71,0.11
20.02,9.26,1.19,4.59,2.33,0.17
26.57,12.24,1.74,5.47,1.67,0.3
23.73,12.41,1.89,5.24,1.83,0.24
40.63,21.62,3.48,8.58,3.66,0.34
34.8,20.07,3.66,7.23,2.44,0.24
48.79,26.86,4.67,9.91,3.18,0.33
39.04,21.54,4.23,7.24,1.75,0.22
32.31,17.86,4.11,5.83,1.36,0.19
29.28,16.29,3.83,5.48,1.23,0.2
27.5,15.43,3.65,5.4,1.21,0.22
28.8,15.88,3.71,6.15,2.46,0.26
50.19,28.41,6.82,10.5,2.83,0.32
36.07,21.14,5.38,6.72,1.51,0.19
27.97,16.99,4.55,5.31,1.18,0.17
26.11,14.85,3.98,4.68,1.01,0.16
23.84,13.54,3.64,4.37,0.97,0.16
30.48,14.84,3.92,4.81,2.07,0.18
24.62,12.44,3.48,4.09,1.37,0.17
31.7,16.63,4.7,5.86,2.88,0.28
35.44,19.11,4.85,6.23,1.91,-9990
29.88,16.22,4.39,5.13,1.36,-9990
26.33,14.55,3.97,4.55,1.09,-9990
24.62,13.14,3.7,4.15,0.89,-9990
21.19,11.4,3.27,3.83,0.77,-9990
19.69,10.81,3.03,3.69,0.75,0.13
25.77,13.29,3.14,5,1.56,0.12
62.16,31.26,5.59,14.57,6.28,0.55
54.18,27.95,6.05,9.86,2.38,0.27
39.17,22.14,5.21,7.25,1.74,0.22
32.81,19.06,4.53,6.14,1.43,0.21
29.28,16.03,4.03,5.24,1.17,0.2
25.19,17.36,3.74,4.86,0.98,0.21
24.62,17.03,3.51,4.88,0.86,0.21
24.62,17.08,3.28,5.09,0.92,0.21
27.27,18.84,3.37,5.83,1.15,0.25
26.57,17.78,3.2,5.28,0.99,0.22
24.85,16.31,3.03,4.86,0.83,0.17
22.39,14.92,2.83,4.4,0.7,0.14
25.3,20.62,3.54,7.1,1.25,0.23
40.22,26.8,4.5,8.28,1.53,0.27
30.73,22.23,4.18,6.45,1.02,0.2
26.33,19.9,3.81,5.69,0.89,0.17
24.29,18.21,3.45,5.19,0.83,0.17
23.38,16.67,3.14,4.77,0.74,0.16
20.65,15.33,2.87,4.56,0.68,0.17
19.17,14.89,2.7,4.46,0.65,0.2
18.95,13.75,2.48,4.41,0.65,0.17
17.6,12.74,2.36,3.88,0.62,0.15
15.79,12.59,2.47,3.85,0.62,0.15
17.3,13.06,2.18,3.97,0.7,0.17
16.5,12.05,2.05,3.66,0.61,0.15
15.9,11.26,2,3.53,0.55,0.13
14.34,11,1.91,3.44,0.56,0.13
15.79,11.76,1.99,3.63,0.87,0.19
16.9,11.7,1.95,3.68,0.74,0.17
23.27,19.13,2.6,6.41,1.32,0.31
29.88,21.08,2.82,6.53,1.96,0.24
37.1,21.56,3,6.67,2.01,0.26
48.09,28.12,3.56,10.01,3.99,0.39
53.75,31.67,4.36,11.32,3.72,0.61
47.81,31.14,4.86,11.22,2.3,0.53
45.06,29.05,4.83,10.14,1.83,0.33
38.65,26.89,4.39,9.42,1.33,0.27
33.43,23.91,3.98,7.96,1.08,0.24
27.5,19.41,3.53,5.71,0.91,0.21
23.83,16.89,3.24,4.93,0.81,0.19
23.5,15.75,2.97,4.63,0.81,0.18
21.29,15.45,2.79,4.6,1.04,0.17
18.63,13.85,2.48,4.14,0.78,0.15
17.6,12.93,2.38,3.85,0.68,0.13
16.9,12.54,2.2,3.61,0.62,0.12
16.9,11.88,2.11,3.44,0.56,0.11
15.9,10.8,2.02,3.3,0.51,0.1
15.59,10.32,1.88,3.19,0.5,0.09
13.67,9.75,1.79,3.05,0.51,0.08
11.82,9.39,1.72,2.99,0.49,0.07
12,9.12,1.66,2.91,0.48,0.06
12,9.9,1.67,2.99,0.48,0.07
12.18,10.68,1.74,3.34,0.51,0.09
16,14.02,2.21,4.76,0.62,0.19
31.45,22.03,2.83,7.92,1.84,0.28
29.28,22.67,3.8,7.65,0.94,0.31
50.89,43.45,7.83,24,1.85,0.44
52.6,40.6,6.81,19.46,1.55,0.25
69.52,56.95,8.72,37.09,1.66,0.31
51.88,40.33,7.02,18.84,1.11,0.22
41.55,32.33,5.71,13.01,0.88,0.19
35.69,30.19,5.56,12.2,0.97,0.28
45.06,39.59,6.82,19.58,1.02,0.27
43.3,35.26,6.5,14.9,1.11,0.26
49.48,44.2,7.55,22.62,3.1,0.39
59.31,40.68,7.39,18.13,1.47,0.25
46.02,33.07,6.5,12.61,1.29,0.21
51.88,40.71,6.97,18.88,2.52,0.29
52.6,37.46,7.24,15.5,1.4,0.21
39.17,29.53,6.3,9.86,1.03,0.18
32.56,25.23,5.47,8.05,0.85,0.16
30.24,22.25,4.94,6.89,0.75,0.14
27.62,20.16,4.36,5.95,0.64,0.13
23.61,17.39,3.94,4.82,0.55,0.13
21.83,15.72,3.62,4.45,0.54,0.12
20.75,14.83,3.38,4.25,0.5,0.11
19.06,13.71,3.12,4.03,0.48,0.1
18.32,12.79,2.93,3.74,0.46,0.09
18.12,12.13,2.74,3.56,0.42,0.09
18.12,12.05,2.6,3.43,0.39,0.08
18.02,11.54,2.42,3.3,0.38,0.07
16.79,10.58,2.38,3.22,0.36,0.06
13.86,10.19,2.26,3.12,0.34,0.05
14.15,9.89,2.16,3.08,0.34,0.05
13.29,9.65,2.07,3.01,0.32,0.04
13.11,9.66,2.09,3.04,0.34,0.05
15.9,13.04,3.02,3.7,0.66,0.08
15.7,11.03,2.21,3.28,0.4,0.07
13.67,9.52,2.02,3.02,0.34,0.06
12.92,9.06,2.03,2.93,0.31,0.05
12.73,9.69,2.29,3.02,0.3,0.05
13.67,9.29,2.06,2.96,0.28,0.05
12,8.7,1.91,2.92,0.28,0.06
11.82,9.32,2.01,3,0.43,0.13
11.82,8.91,1.82,2.91,0.4,0.1
12.27,8.4,1.88,2.93,0.38,0.09
12.37,8.23,1.82,2.91,0.22,0.09
11.82,7.68,1.76,2.77,0.29,0.05
12.27,8.14,1.81,2.95,0.44,0.07
14.81,9.68,1.86,3.28,0.49,0.17
14.62,9.26,1.78,3.07,0.39,0.13
13.67,8.51,1.73,2.84,0.32,0.07
11.73,7.66,1.72,2.8,0.29,0.05
11.55,7.61,1.56,2.81,0.28,0.04
10.23,7.08,1.53,2.64,0.27,0.04
11.1,7.01,1.51,2.65,0.26,0.04
10.75,7.05,1.49,2.61,0.24,0.03
10.06,7.21,1.48,2.61,0.24,0.04
10.4,7.22,1.48,2.64,0.25,0.04
10.66,6.81,1.45,2.61,0.24,0.04
10.49,6.85,1.46,2.61,0.25,0.03
11.18,6.74,1.43,2.61,0.24,0.03
9.8,6.44,1.36,2.58,0.23,0.03
10.06,7.59,1.85,3.21,0.32,0.11
15.4,13.56,2.59,5.57,0.33,0.22
13.86,9.47,1.87,3.66,0.24,0.1
12.27,8.63,1.75,3.33,0.24,0.06
12.09,10.1,2.74,3.73,0.24,0.08
17.3,16.54,4.13,6.51,0.24,0.2
18.22,14.33,3.44,5.21,0.25,0.12
14.91,12.51,3.17,4.39,0.23,0.08
14.15,12.05,2.95,4.07,0.21,0.07
14.34,12.33,3.11,4.55,0.36,0.13
17.6,13.8,3.33,4.83,0.35,0.15
14.15,12.2,3.03,4.4,0.28,0.14
14.62,13.04,3.01,4.91,0.33,0.21
14.81,13.08,3.14,4.96,0.43,0.2
16.7,16.58,3.82,7.48,0.61,0.2
30.84,25.15,4.16,12.73,1.02,0.24
29.76,21.38,3.96,9.2,0.9,0.17
24.97,19.39,3.61,8.04,0.93,0.13
22.39,16.56,3.41,6.54,0.6,0.11
17.6,13.5,3.2,4.96,0.45,0.09
15.4,12.06,2.98,4.31,0.39,0.08
13.67,10.92,2.8,3.84,0.34,0.06
12.73,10.93,2.7,3.7,0.31,0.06
12.73,11.21,2.88,3.89,0.37,0.09
13.4,11,2.83,5.94,0.3,0.11
16.7,10.75,2.58,4.77,0.27,0.09
14.43,10.48,2.92,4,0.27,0.07
12.73,10.05,2.77,4,0.28,0.05
12.09,9.74,2.61,3.75,0.25,0.04
11.64,9.19,2.4,3.35,0.24,0.04
11.55,9.1,2.39,3.4,0.22,0.05
13.67,14.57,3.36,7.07,0.24,0.11
18.53,17.04,3.41,7.96,0.5,0.18
19.27,15.12,3.3,6.29,0.33,0.12
13.96,11.27,3.12,4.3,0.27,0.06
12.18,10.08,2.92,3.72,0.23,0.04
11.37,10.12,2.74,3.59,0.22,0.03
11.37,9.68,2.65,3.46,0.22,0.04
10.92,9.46,2.63,3.51,0.26,0.04
10.92,9.28,2.62,3.48,0.24,0.05
10.92,8.8,2.57,3.3,0.21,0.05
10.4,8.35,2.4,3.21,0.19,0.05
10.48,8.24,2.34,3.2,0.21,0.05
10.23,8.44,2.27,3.25,0.23,0.06
10.84,8.26,1.98,3.21,0.21,0.07
10.4,7.58,2.16,3.04,0.19,0.05
10.06,7.31,2.09,2.98,0.18,0.04
9.8,7.03,2.02,2.91,0.17,0.04
9.46,6.8,1.98,2.89,0.16,0.04
9.37,6.59,1.96,2.87,0.14,0.04
9.2,6.78,1.93,2.83,0.16,0.05
9.2,6.56,1.9,2.8,0.16,0.04
9.46,6.18,1.89,2.82,0.15,0.04
9.71,6.02,1.86,2.79,0.17,0.04
10.06,6.02,1.85,2.79,0.15,0.04
9.97,5.89,1.78,2.77,0.15,0.04
9.63,7,1.93,2.9,0.16,0.05
12.37,10.06,2.39,4.04,0.32,0.12
16.79,11.93,2.22,4.8,1.11,0.09
21.83,15.57,2.27,6.51,1.22,0.18
15.9,10.76,2.08,3.98,0.43,-9990
10.66,9.11,1.96,3.42,0.29,-9990
9.29,8.46,1.91,3.25,0.25,-9990
9.46,8.08,1.89,3.12,0.22,-9990
9.2,7.72,1.86,3.02,0.21,-9990
8.95,7.57,1.84,2.99,0.2,-9990
14.05,8.47,2.46,3.47,0.58,-9990
23.5,18.72,2.36,7.56,2.69,0.19
24.06,13.13,2.09,4.8,1.04,0.15
10.75,9.57,1.96,3.65,0.54,0.11
11.64,9.57,2.11,3.68,0.99,0.11
12.55,8.79,2.06,3.43,0.6,0.1
17.3,11.82,2.93,4.74,2.3,0.16
19.06,12.33,2.66,4.54,1.35,0.14
21.61,14.01,3.27,5.33,1.51,0.15
16.7,12.1,3.34,4.43,0.79,0.14
16.2,11.56,3.06,4.08,0.7,0.12
14.72,10.38,2.81,3.78,0.59,0.11
14.24,9.88,2.66,3.58,0.45,0.1
13.86,9.34,2.55,3.43,0.38,0.1
12.73,8.55,2.44,3.29,0.32,0.09
12.37,8.22,2.35,3.23,0.29,0.09
12,7.99,2.33,3.14,0.27,0.06
11.64,7.89,2.3,3.17,0.26,0.06
11.18,7.46,2.21,3.01,0.22,0.06
10.31,7.53,2.12,2.94,0.21,0.06
10.06,7.36,2.1,2.9,0.2,0.06
10.12,6.69,2.03,2.83,0.19,0.06
9.63,6.5,1.98,2.78,0.18,0.06
9.2,6.38,1.94,2.75,0.17,0.04
9.2,6.24,1.91,2.71,0.17,0.04
9.2,6.06,1.89,2.71,0.17,0.04
8.78,6.24,1.88,2.7,0.17,0.04
8.14,6.15,1.86,2.67,0.17,0.04
8.78,5.68,1.83,2.64,0.16,0.04
8.62,5.56,1.75,2.62,0.16,0.04
9.2,5.45,1.71,2.6,0.15,0.04
9.46,5.31,1.7,2.54,0.16,0.04
8.79,5.76,1.51,2.5,0.15,0.03
7.98,5.95,1.5,2.5,0.16,0.03
7.18,5.96,1.48,2.5,0.16,0.04
9.2,5.66,1.47,2.51,0.16,0.04
8.79,5.58,1.46,2.5,0.16,0.04
8.79,5.54,1.44,2.49,0.15,-9990
8.79,5.54,1.43,2.5,0.17,-9990
12.09,7.49,1.6,3.68,1.14,-9990
22.17,10.7,1.9,4.02,0.73,-9990
11.28,6.83,1.5,2.77,0.32,-9990
9.88,6.09,1.46,2.7,0.26,-9990
9.63,5.98,1.43,2.66,0.24,-9990
10.06,7.09,1.55,3.19,0.46,-9990
11.1,6.45,1.45,2.82,0.29,-9990
10.49,5.85,1.39,2.64,0.25,-9990
10.06,5.89,1.37,2.56,0.22,-9990
9.29,5.74,1.34,2.48,0.21,-9990
10.31,5.34,1.32,2.45,0.2,-9990
10.75,5.28,1.29,2.41,0.2,-9990
9.88,5.23,1.27,2.41,0.19,0.03
10.75,5.16,1.24,2.37,0.19,0.03
10.75,5.1,1.21,2.34,0.18,0.03
9.54,5.36,1.19,2.34,0.18,0.03
9.2,5.29,1.17,2.31,0.18,0.03
8.55,5.27,1.16,2.31,0.17,0.03
7.98,5.15,1.14,2.3,0.17,0.03
10.23,4.8,1.13,2.31,0.17,0.03
10.23,4.71,1.12,2.29,0.17,0.03
9.88,4.85,1.11,2.29,0.17,0.04
8.71,5.04,1.27,2.28,0.17,0.04
8.06,5.04,1.24,2.28,0.17,0.04
7.89,4.66,1.23,2.26,0.16,0.04
7.73,4.68,1.22,2.3,0.16,0.03
10.06,4.57,1.18,2.27,0.16,0.03
8.62,4.62,1.17,2.27,0.16,0.03
8.69,4.58,1.16,2.26,0.16,0.03
8.79,4.75,1.14,2.3,0.16,0.03
8.79,4.72,1.13,2.29,0.16,0.03
9.2,4.87,1.14,2.33,0.24,0.03
12.73,5.92,1.46,2.6,0.88,0.04
12.73,5.33,1.33,2.39,0.37,0.04
9.66,4.85,1.17,2.32,0.26,0.04
8.69,4.65,1.12,2.31,0.22,0.03
8.22,4.53,1.1,2.29,0.2,0.03
7.73,4.49,1.08,2.26,0.19,0.03
7.73,4.28,1.07,2.27,0.19,0.03
7.73,4.28,1.06,2.27,0.18,0.03
7.58,4.35,1.09,2.23,0.18,0.03
7.58,4.24,1.07,2.25,0.17,0.02
7.58,4.03,1.03,2.21,0.17,0.02
7.58,4.54,1.02,2.21,0.17,0.02
7.58,4.11,1.03,2.2,0.17,0.02
10.75,4.02,1.03,2.22,0.17,0.02
9.66,4.06,0.99,2.24,0.17,0.02
9.66,3.93,0.96,2.32,0.17,0.02
9.37,4.43,0.99,2.51,0.17,0.02
8.37,4.3,0.96,2.32,0.19,0.02
8.37,4.45,0.98,2.31,0.17,0.02
8.37,4.33,1.01,2.22,0.17,0.03
8.79,4.11,0.96,2.25,0.18,0.03
8.86,4.13,0.95,2.21,0.25,0.03
8.37,3.6,1.1,2.21,0.19,0.03
6.49,3.38,1.09,2.27,0.18,0.02
6.34,3.24,1.08,2.19,0.18,0.02
6.57,3.6,1.08,2.24,0.19,0.03
6.79,3.83,1.17,2.3,0.21,0.04
6.05,3.59,1.1,2.27,0.2,0.04
6.57,3.66,1.1,2.58,0.27,0.07
7.11,3.69,1.1,2.45,0.25,0.06
8.79,4.26,1.69,3.19,0.54,0.16
16.19,9.15,2.16,3.63,0.67,0.23
12.37,7.39,2.12,4.52,0.46,0.24
36.97,30.89,5.41,25.23,3.84,1.99
50.89,30.45,6.01,12.26,1.6,0.69
29.88,19.68,4.92,6.22,0.9,0.25
22.72,14.95,4.11,4.82,0.66,0.15
16.09,12.55,3.54,4.2,0.56,0.12
14.05,10.76,3.11,3.62,0.47,0.1
12.27,10.03,2.85,3.51,0.61,0.09
23.82,13.68,3.16,4.42,2.62,0.24
24.29,18.44,4.57,10.11,1.36,0.39
32.81,26.01,6.08,9.38,0.98,0.4
25.81,19.64,5.3,5.92,0.87,0.2
19.06,15.56,4.56,4.52,0.67,0.13
17.2,13.35,4.02,3.92,0.55,0.1
15.79,12.25,3.74,3.61,0.52,0.1
15.2,11.57,3.42,3.41,0.47,0.1
12.73,10.8,3.15,3.39,0.46,0.09
12,10.34,2.99,3.36,0.44,0.09
12.73,10.22,2.95,3.43,0.44,0.08
12.73,10.33,3.11,3.51,0.49,0.09
22.94,14.34,4.09,5.94,2.67,0.31
35.82,17.85,4.6,7.42,3.32,0.44
28.21,17.28,4.82,6.65,1.54,0.25
29.16,23.12,6.55,9.04,1.52,0.46
45.32,40.34,10.94,18.06,2.58,1.5
69.52,45.22,10.31,16.95,4.66,0.66
51.46,35.85,9.05,12.85,2.65,0.42
39.7,27.61,7.6,9.43,1.87,0.28
34.18,22.93,6.58,7.62,1.54,0.24
29.64,20.64,5.74,6.85,1.69,0.22
29.88,19.92,5.65,6.82,1.66,0.27
32.86,22.01,5.76,7.74,1.81,0.34
31.08,20.04,5.59,6.73,1.65,0.25
26.8,17.56,5.13,5.74,1.18,0.2
24.06,16.42,4.76,5.86,0.98,0.17
23.17,15.53,4.46,5.72,0.83,0.15
21.61,14.23,4.09,5.3,0.73,0.14
18.95,13.18,3.81,4.88,0.65,0.13
17.81,12.52,3.58,4.64,0.59,0.12
16.29,11.77,3.37,4.4,0.55,0.11
15.2,11.16,3.23,4.14,0.51,0.1
14.24,10.72,2.99,3.96,0.48,0.09
13.67,10.41,2.95,3.85,0.46,0.09
13.67,10.32,2.83,3.83,0.54,0.1
13.67,10.18,2.3,3.79,0.52,0.12
13.67,9.68,2.68,3.65,0.48,0.11
12.73,9.44,2.59,3.59,0.46,0.1
12.37,9.01,2.48,3.45,0.43,0.1
11.1,8.61,2.37,3.29,0.39,0.09
10.58,8.4,2.31,3.21,0.38,0.08
10.58,8.32,2.27,3.21,0.38,0.08
10.92,8.19,2.54,3.25,0.39,0.09
10.66,7.9,2.47,3.13,0.36,0.08
10.05,7.67,2.41,2.99,0.35,0.08
10.05,7.59,2.38,2.94,0.34,0.08
9.71,7.45,2.28,2.86,0.33,0.07
9.54,7.36,2.21,2.85,0.32,0.07
9.63,7.39,2.17,2.88,0.32,0.07
9.63,7.08,2.13,2.77,0.31,0.07
9.54,6.87,2.09,2.7,0.3,0.07
9.2,6.79,2.06,2.7,0.3,0.06
9.2,6.5,2.42,2.64,0.29,0.06
7.92,6.54,1.98,2.66,0.29,0.06
8.14,6.58,1.96,2.66,0.29,0.06
9.2,7.31,2.19,3.01,0.47,0.11
13.48,9.04,2.14,4.07,0.69,0.24
11.99,7.78,2.07,3.34,0.47,0.11
10.05,7.22,1.93,3.08,0.4,0.07
9.63,7,1.89,3,0.37,0.07
9.37,6.96,1.88,3.01,0.38,0.06
11.28,8.13,2.04,3.43,0.55,0.06
14.62,8.44,1.89,3.63,0.62,0.07
15.11,10.15,2.01,4.94,0.71,0.12
30.49,17.7,3.27,9.49,3.17,0.75
34.55,20.5,4.5,8.75,2.65,0.34
26.33,16.26,4.1,6.57,1.32,0.16
26.33,19.72,5.56,8.55,2.23,0.25
28.32,18.79,5.01,7.3,1.37,0.18
23.27,16.04,4.52,6.08,1.03,0.14
20.32,14.29,4.11,5.39,0.86,0.12
18.53,13,3.76,4.89,0.76,0.11
16.39,11.87,3.45,4.43,0.68,0.1
14.81,10.93,3.49,4.03,0.69,0.09
13.48,10.25,3.31,3.73,0.66,0.09
12.92,9.78,3.16,3.57,0.56,0.09
12.92,9.59,3,3.67,0.51,0.08
13.39,8.98,2.91,3.34,0.49,0.08
13.11,8.67,2.85,3.26,0.49,0.07
11.55,8.75,2.89,3.36,0.44,0.09
11.81,9.46,3.18,3.66,0.54,0.12
12.63,9.74,3.04,3.95,0.5,0.1
13.29,11.02,3.47,4.66,0.57,0.18
13.96,10.74,3.41,4.25,0.53,0.13
36.07,28.59,7.13,13.54,1.69,0.62
33.54,23.5,6.18,9.2,0.99,0.23
26.33,18.72,5.28,7.14,0.8,0.1
21.39,15.4,4.61,5.78,0.66,-9990
20.22,14.07,4.18,5.3,0.94,-9990
19.69,12.82,3.86,4.81,0.82,-9990
18.95,13.54,3.97,6.01,0.91,-9990
24.51,19.53,5.25,9.46,0.84,-9990
24.85,19.85,4.92,7.78,0.7,0.24
22.72,17.16,4.73,7.22,0.63,0.24
21.83,16.25,4.51,7.28,0.64,0.18
28.67,21.13,4.67,10.7,1.51,0.18
28.08,18.95,4.67,8.79,0.91,0.15
24.51,16.34,4.43,7.13,0.72,0.14
21.39,14.69,4.16,6.24,0.62,0.13
18.84,13.4,3.9,5.62,0.55,0.12
18.03,13.17,3.79,5.86,0.55,0.39
26.8,26.34,4.8,17.7,0.71,0.5
30.48,20.92,4.53,11.38,0.62,0.23
25.75,21.8,4.95,13.51,0.73,0.26
30.48,24.25,4.65,14.56,0.8,0.26
30.36,22.46,4.68,13,1.28,0.28
30.84,21.32,4.75,11.81,1.3,0.25
27.03,18.28,4.65,9.39,0.92,0.17
23.38,16.12,4.52,7.81,0.76,0.14
20.54,14.2,4.28,6.45,0.66,0.13
19.27,12.84,4.08,5.49,0.6,0.12
19.05,11.79,3.86,4.91,0.55,0.12
16.39,11.15,3.67,4.68,0.51,0.1
14.15,10.45,3.52,4.27,0.47,0.08
13.67,9.96,3.4,4.08,0.44,0.08
13.67,9.51,3.25,3.85,0.41,0.08
12.55,9.18,3.15,3.71,0.4,0.08
11.99,8.89,3.08,3.62,0.38,0.08
11.99,8.59,2.99,3.52,0.37,0.08
11.99,8.2,2.89,3.42,0.34,0.08
11.37,7.97,2.78,3.3,0.33,0.07
11.28,7.75,2.72,3.23,0.32,0.07
11.18,7.56,2.64,3.15,0.31,0.07
11.18,7.35,2.57,3.07,0.3,0.05
11.28,7.37,2.55,3.11,0.31,0.06
11.37,7.24,2.47,3.05,0.33,0.06
10.92,6.83,2.42,2.96,0.3,0.06
10.75,6.64,2.36,2.92,0.29,0.06
10.49,6.5,2.32,2.86,0.27,0.05
10.05,6.29,2.26,2.8,0.26,0.05
10.05,6.3,2.26,2.78,0.27,0.05
10.05,6.22,2.19,2.75,0.26,0.04
10.92,7.2,2.04,3.46,0.58,0.09
23.5,13.45,3.02,6.65,1.29,0.43
15.11,8.62,2.27,3.79,0.66,0.13
25.19,16.04,3.2,8.78,2.29,0.68
20.22,12.13,2.93,5.4,0.87,0.17
16.59,10.48,2.76,4.53,0.66,0.11
15.59,9.7,2.67,4.16,0.55,0.1
15.11,9.4,2.55,4.03,0.52,0.08
16.59,9.59,2.51,4.48,1.09,0.13
15.99,9.4,2.39,4.47,0.76,0.21
14.41,8.87,2.32,4.14,0.6,0.17
12.73,8.29,2.24,3.87,0.5,0.09
13.11,7.9,2.16,3.65,0.45,0.07
13.11,7.69,2.13,3.54,0.42,0.06
12.92,7.45,2.08,3.42,0.39,-9990
11.99,7.15,2.04,3.36,0.37,-9990
11.81,6.92,2,3.28,0.35,-9990
11.81,6.8,1.98,3.25,0.35,0.05
10.52,6.59,1.93,3.14,0.33,0.05
10.22,6.51,1.9,3.11,0.32,0.05
10.75,6.77,1.92,3.3,0.32,0.07
10.52,7.23,1.91,3.47,0.34,0.12
18.84,15.51,2.16,9.16,0.76,-9990
19.16,11.28,2.04,6.04,0.48,-9990
14.15,9.05,1.9,4.9,0.38,0.13
12.92,8.2,1.85,4.43,0.35,0.08
12.55,7.8,1.83,4.17,0.33,0.07
12.27,7.54,1.79,3.99,0.31,0.06
12.27,7.19,1.75,3.78,0.29,0.06
14.62,9.67,2.03,5.19,0.72,0.17
15.9,8.85,1.59,3.3,0.44,0.13
12.55,7.52,1.55,2.67,0.36,0.07
11.1,7.62,1.5,2.77,0.44,0.09
15.59,10.06,1.76,4.05,0.79,0.26
14.15,8.36,1.59,3.03,0.64,0.15
14.15,8.23,1.57,2.96,0.62,0.13
13.96,7.74,1.56,2.74,0.5,0.09
11.99,7.35,1.54,2.57,0.42,0.07
11.63,7.69,1.83,2.77,0.51,0.09
13.29,9.94,2.24,3.53,0.56,0.11
13.57,8.69,2.02,3.04,0.46,0.08
12.55,8.21,2,2.7,0.41,0.07
12.45,8.06,2.01,2.64,0.4,0.07
12.17,7.65,1.92,2.51,0.35,0.06
11.1,7.31,1.84,2.43,0.33,0.06
10.75,7.01,1.77,2.36,0.32,0.05
10.83,6.91,1.8,2.31,0.3,0.05
10.92,6.8,1.76,2.26,0.3,0.05
10.92,6.83,1.76,2.27,0.32,0.06
10.92,7.08,1.77,2.43,0.37,0.08
10.83,6.81,1.77,2.3,0.38,0.07
10.75,6.5,1.71,2.24,0.3,0.07
11.37,7.51,1.81,2.94,0.43,0.19
11.81,7,1.75,2.61,0.33,0.11
10.66,6.34,1.68,2.22,0.29,0.07
9.88,6.23,1.65,2.1,0.25,0.06
9.88,6.09,1.66,2,0.24,0.05
9.71,6.08,1.65,2.03,0.24,0.06
10.4,8.84,1.91,4.01,0.41,0.34
14.15,9.4,1.86,3.88,0.41,0.22
10.92,7.49,1.73,2.84,0.31,0.12
9.71,6.65,1.39,2.41,0.26,0.07
8.71,6.38,1.39,2.29,0.25,0.08
9.37,6.03,1.35,2.21,0.24,0.07
8.79,5.69,1.31,2.1,0.21,0.05
8.21,5.52,1.3,2.01,0.2,0.05
7.58,5.47,1.3,2.02,0.2,0.05
7.58,5.46,1.29,2.01,0.19,0.05
7.5,5.38,1.28,1.98,0.18,0.05
7.42,5.39,1.29,1.95,0.18,0.05
7.34,5.36,1.3,1.94,0.18,0.05
7.25,5.23,1.28,1.93,0.17,0.05
7.18,5.16,1.27,1.91,0.17,0.05
7.11,4.99,1.23,1.88,0.16,0.04
7.03,4.76,1.23,1.85,0.15,0.04
7.11,4.99,1.23,1.88,0.15,0.04
7.18,4.99,1.23,1.86,0.15,0.04
7.25,4.95,1.23,1.88,0.15,0.04
7.11,4.83,1.23,1.89,0.13,0.04
8.37,5.81,1.33,2.38,0.36,0.07
11.81,6.49,1.41,2.87,0.36,0.14
8.37,5.48,1.3,2.21,0.21,0.07
7.5,5.02,1.27,2.02,0.17,0.05
6.27,4.98,1.28,1.96,0.16,0.05
6.19,5.24,1.36,2.06,0.25,0.05
7.58,5.26,1.45,2.11,0.22,0.05
7.74,5.64,1.44,2.35,0.35,0.07
8.71,5.68,1.4,2.26,0.43,0.07
11.99,5.52,1.36,2.29,0.47,-9990
8.71,5.07,1.32,2.1,0.25,-9990
7.82,4.99,1.32,2,0.2,-9990
7.42,4.86,1.15,1.97,0.17,0.03
6.2,4.76,1.16,1.98,0.16,0.03
6.42,4.67,1.17,1.97,0.15,0.03
6.42,4.67,1.18,2,0.15,0.03
6.05,4.57,1.2,1.96,0.13,0.03
7.42,5.1,1.29,2.46,0.3,0.08
8.37,5.45,1.3,2.41,0.18,0.08
7.98,4.89,1.24,2.1,0.15,0.04
6.8,4.64,1.24,2.04,0.15,0.03
6.05,4.6,1.24,2.07,0.15,0.03
6.05,4.68,1.32,2.07,0.15,0.03
6.05,4.74,1.31,2.08,0.15,0.03
6.05,4.66,1.31,2.05,0.15,0.03
6.05,4.92,1.41,2.15,0.17,0.04
18.84,27.79,2.66,30.37,1.77,4.16
109.3,104.6,16.06,72.79,2.82,3.26
74.49,48.61,7.09,27.17,1.69,0.72
36.07,27.43,5.35,14.27,0.75,0.46
27.73,21.22,4.82,10.69,0.86,0.41
25.41,17.45,4.03,8.08,1.56,0.32
31.32,22.27,3.71,14.51,1.95,1.36
39.95,27.04,3.61,16.3,1.12,0.6
28.2,17.97,3.38,9.7,0.76,0.36
20.54,14.58,3.23,7.3,0.57,0.21
17.29,12.75,3.07,6.03,0.46,0.18
13.49,11.32,2.92,5.13,0.39,0.15
12.55,10.43,2.82,4.64,0.34,0.13
11.37,9.32,2.69,4.27,0.31,0.12
12.37,8.82,2.6,4,0.29,0.11
9.71,10.61,2.56,5.92,0.38,0.29
10.22,9.16,2.47,4.45,0.28,0.17
8.37,8.29,2.27,4.71,0.25,0.11
8.71,7.9,2.23,4.46,0.24,0.09
9.54,7.73,2.21,4.47,0.29,0.1
10.75,8.84,2.34,4.82,0.43,0.14
17.81,21.14,3.08,19.62,2.88,0.64
97.49,67.97,6.08,45.43,5.58,1.06
34.8,26.1,4.44,15.2,1.1,0.28
26.33,18.87,3.98,10.06,0.7,0.17
21.29,15.43,3.61,7.91,0.56,0.14
17.91,13.28,3.3,6.42,0.45,0.12
14.13,11.47,3.12,5.23,0.4,0.1
12.92,10.48,2.97,4.66,0.35,0.1
12.27,9.56,2.83,4.36,0.31,0.09
10.83,9,2.73,4.16,0.28,0.09
10.31,8.56,2.63,3.95,0.27,0.07
9.8,8.21,2.51,3.79,0.26,0.08
9.37,7.89,2.43,3.65,0.27,0.07
9.04,7.65,2.37,3.54,0.26,0.06
9.04,7.58,2.32,3.53,0.26,0.06
9.37,7.44,2.25,3.52,0.26,0.07
9.2,7.27,2.2,3.46,0.26,0.08
8.97,6.9,2.12,3.26,0.24,0.06
8.79,6.64,2.06,3.12,0.21,0.05
8.21,6.49,2,3.04,0.2,0.05
7.89,6.42,1.96,3,0.2,0.05
7.89,6.3,1.92,2.94,0.2,0.04
7.89,6.13,1.89,2.89,0.2,0.05
7.74,5.98,1.85,2.78,0.19,0.05
7.58,5.89,1.8,2.74,0.19,0.05
7.58,5.92,1.81,2.75,0.18,0.05
7.74,5.83,1.77,2.72,0.17,0.04
7.42,5.83,1.75,2.69,0.18,0.04
7.9,5.84,1.76,2.72,0.27,0.05
10.57,6.04,1.79,2.88,0.56,0.06
8.95,5.81,1.7,2.72,0.25,0.05
8.22,5.51,1.65,2.56,0.21,0.04
7.82,5.32,1.62,2.49,0.2,0.04
7.74,5.27,1.56,2.46,0.19,0.04
7.42,5.29,1.54,2.41,0.19,0.04
7.42,5.17,1.51,2.36,0.18,0.04
7.42,5.06,1.46,2.34,0.18,0.04
6.95,5.02,1.43,2.32,0.17,0.04
6.87,4.98,1.4,2.31,0.17,0.03
6.42,5.09,1.38,2.46,0.18,0.03
7.18,4.86,1.35,2.27,0.17,0.03
7.26,5.11,1.33,2.38,0.18,0.04
7.33,5.09,1.33,2.32,0.18,0.04
8.14,5.04,1.3,2.32,0.21,0.04
9.28,5.61,1.38,2.82,0.62,0.05
12.92,6.8,1.46,3.23,0.62,0.25
9.2,5.23,1.28,2.49,0.28,0.09
8.37,4.95,1.24,2.33,0.23,0.06
8.22,5.41,1.24,2.29,0.26,0.05
8.14,5.43,1.23,2.25,0.23,0.05
7.98,5.38,1.18,2.23,0.21,0.04
7.58,4.96,1.15,2.22,0.21,0.04
7.11,4.58,1.13,2.16,0.2,0.04
6.95,5.33,1.27,2.7,0.3,0.14
8.62,5.82,1.36,2.74,0.3,0.14
8.71,5.66,1.34,2.83,0.38,0.12
8.78,5.56,1.23,2.64,0.29,0.09
8.05,4.97,1.41,2.38,0.23,0.06
7.33,4.78,1.38,2.31,0.22,0.05
7.26,4.64,1.33,2.25,0.22,0.04
6.95,4.53,1.32,2.21,0.21,0.04
7.42,4.47,1.29,2.16,0.2,0.04
7.02,4.52,1.31,2.17,0.25,0.04
7.58,4.83,1.33,2.2,0.26,0.06
7.74,4.38,1.23,2.08,0.22,0.05
7.33,4.56,1.38,2.24,0.27,0.1
18.21,13.23,2.64,8.24,1.72,1.1
19.16,10.03,2.03,5.14,0.75,0.26
11.18,6.96,1.74,3.48,0.48,0.13
10.22,6.26,1.62,3.07,0.4,0.09
10.05,6.17,1.6,3.09,0.37,0.13
11.18,8.44,1.72,4.81,0.58,0.54
13.96,9.05,1.66,4.88,0.54,0.41
10.22,7.2,1.57,3.68,0.4,0.16
8.87,6.57,1.55,3.29,0.35,0.13
11.1,9.56,2.63,4.78,0.89,0.25
12.55,10.45,2.62,5.31,0.98,0.28
13.67,10.33,2.58,4.9,0.67,0.17
12.46,9.57,2.53,4.46,0.64,0.14
12.09,8.83,2.33,4.04,0.53,0.12
10.92,8.21,2.19,3.71,0.46,0.1
10.57,7.93,2.08,3.58,0.42,0.09
9.2,7.51,2,3.28,0.38,0.09
8.14,7.34,1.92,3.16,0.36,0.08
8.37,6.95,1.88,3.02,0.32,0.08
9.2,6.71,1.84,2.92,0.31,0.08
8.62,6.55,1.79,2.83,0.3,0.08
8.37,6.38,1.73,2.79,0.3,0.07
8.87,6.22,1.99,2.71,0.28,0.07
8.87,6.1,1.95,2.65,0.28,0.07
9.04,5.89,1.91,2.63,0.27,0.06
8.95,6.41,1.93,2.67,0.34,0.06
9.71,6.19,2.07,2.74,0.41,0.07
9.71,6.09,1.97,2.66,0.32,0.06
9.37,5.81,1.87,2.58,0.31,0.07
9.63,5.66,1.8,2.57,0.3,0.07
9.54,5.68,2.88,2.59,0.31,0.09
19.05,15.94,3.39,9.11,0.85,1.13
18.84,11.4,3.06,5.09,0.68,0.21
16.39,12.2,3.7,5.74,0.78,0.27
17.09,12.53,3.47,5.5,0.59,0.16
16.59,12.47,3.61,5.68,0.67,0.16
18.02,13.12,3.54,5.8,0.68,0.17
17.4,11.69,3.31,5.11,0.53,0.13
15.11,10.63,3.09,4.52,0.46,0.1
14.62,10.16,2.98,4.31,0.44,0.09
14.62,9.68,2.87,4.09,0.39,0.1
13.48,8.8,2.66,3.66,0.36,0.09
11.99,8.37,2.57,3.54,0.35,0.08
9.2,8.1,2.47,3.39,0.34,0.08
9.04,7.78,2.38,3.21,0.33,0.07
9.04,7.47,2.31,3.65,0.31,0.07
9.04,7.16,2.26,3.77,0.29,0.06
9.2,6.85,2.17,3.64,0.27,0.06
8.87,6.58,2.09,3.49,0.27,0.06
8.71,6.55,2.09,3.48,0.31,-9990
8.62,6.41,1.99,3.42,0.28,-9990
8.45,6.16,1.93,3.24,0.27,-9990
8.05,6.04,2.23,3.14,0.28,-9990
7.82,5.96,2.19,3.1,0.27,-9990
8.37,6.45,2.36,3.73,0.34,-9990
8.95,7.27,2.59,4.09,0.35,-9990
9.11,7.13,2.59,4.05,0.3,-9990
9.2,7.05,2.47,3.96,0.3,-9990
14.62,12.82,4.57,7.89,1.59,-9990
28.09,17.59,4.99,8.08,1.31,-9990
19.47,12.79,4.26,5.4,0.68,-9990
15.4,11.5,4.06,4.81,0.63,-9990
15.2,12.08,4.29,4.89,0.73,-9990
15.59,13.23,4.56,6.31,0.87,0.25
21.29,16.21,4.99,7.35,0.85,0.2
20.97,15.41,4.95,6.82,0.67,0.15
19.47,14.15,5.03,6.31,0.64,0.13
23.61,21.8,7.39,10.47,0.85,0.25
26.33,23.6,6.26,11.51,0.81,0.16
26.33,20.13,5.67,9.2,1.07,0.13
24.62,19.67,5.61,9.4,1.05,0.26
33.54,32.38,7.76,18.76,1.8,0.45
39.7,29.57,7.33,14.16,1.48,0.25
33.3,24.52,6.51,11.1,1.6,0.25
29.28,20.08,5.68,8.5,1.08,0.18
24.28,16.83,5.06,6.78,0.86,0.15
21.61,15.22,4.68,6.02,1,0.16
22.94,16.65,4.7,7.55,1.09,-9990
23.27,15.23,4.29,6.52,0.87,-9990
22.05,13.85,4.2,5.92,0.9,-9990
21.83,14.16,4.03,6.22,0.84,-9990
21.83,14.29,4.18,6.44,0.77,-9990
20.54,12.8,3.88,5.27,0.65,-9990
16.08,11.63,4.22,4.45,0.6,-9990
15.39,11.06,4.11,4.2,0.56,-9990
14.04,10.71,3.94,4.1,0.54,-9990
14.04,10.81,3.91,4.28,0.55,-9990
15.58,11.85,4,4.76,0.65,-9990
20.52,14.02,4.45,5.77,1.23,-9990
24.03,19.98,5.09,10.29,1.12,-9990
30.7,27.06,5.85,15.24,1.68,-9990
37.07,27.09,6.05,13.16,1.2,-9990
48.59,32.89,6.87,16.19,3.3,-9990
51.84,30.56,6.7,13.69,2.25,-9990
43.11,25.42,6.23,10.44,3.16,-9990
48.74,28,6.24,11.9,3.07,-9990
40.58,27.17,6.72,12,2.24,0.39
46.38,34.06,7.03,17.21,1.97,0.77
68.68,49.64,8.62,27.23,4.95,0.39
63.76,43.59,8.96,21.76,2.07,0.4
51.13,35.92,7.85,17.84,1.47,0.27
45.97,31.41,6.85,14.88,1.15,0.21
36.67,24.51,6.16,10.67,0.9,0.19
29.85,20.51,5.73,8.66,0.8,0.18
21.81,17.73,5.21,7.27,0.72,0.19
20.2,16.91,5.06,7.03,0.75,0.19
20.2,16.04,4.66,6.46,0.66,0.16
18.62,14.23,4.35,5.46,0.6,0.14
15,13.63,4.26,5.04,0.61,0.15
14.61,14.65,4.24,5.75,0.89,0.21
19.14,19.24,4.56,8.97,1,0.27
20.73,15.33,4.28,6.17,0.73,0.16
20.2,14.43,4.27,5.53,0.68,0.17
20.2,15.13,4.35,5.98,0.6,0.17
20.2,14.65,4.35,5.88,0.57,0.16
19.04,14.65,4.31,6.23,0.51,0.16
19.88,15.39,4.11,6.61,0.47,0.13
18.2,13.11,4.12,5.22,0.53,0.14
19.67,14.2,4.07,5.79,0.98,0.13
22.59,15.85,4.05,6.79,1.14,0.13
20.2,13.9,3.9,5.34,0.78,0.11
32.9,30.85,6.68,21.12,2.36,0.56
71.01,45.98,8.95,23,4.11,0.41
50.84,38.9,8.59,16.78,2.24,0.41
91.42,76.88,13.14,41.9,4.98,0.97
84.22,61.13,11.37,29.43,2.06,0.42
56.9,39.98,9.24,17.03,1.43,0.29
46.38,36.28,8.75,15.17,1.68,0.4
65.13,46.08,9.25,20.32,2.23,0.5
50.13,34.57,8.36,13.66,1.43,0.28
39,28.82,7.44,10.82,1.12,0.22
34.77,24.86,6.69,9.07,0.99,0.21
31.05,21.01,6.12,7.77,0.85,0.18
27.47,20.34,5.67,7.84,1.04,0.18
27.71,19.4,5.31,7.3,0.96,0.19
25.39,17.95,5.08,6.95,0.8,0.17
23.25,15.85,4.67,5.71,0.68,0.13
20.1,14.47,4.42,4.94,0.63,0.12
19.67,13.14,4.24,4.61,0.59,0.11
18.11,12.31,4.06,4.28,0.55,0.1
17.38,11.84,3.93,4.03,0.51,0.1
16.97,12.2,3.85,4.06,0.56,0.1
19.88,13.37,3.7,4.58,1.21,0.1
19.98,12.79,3.53,4.36,0.82,0.11
18,12.29,3.43,4.23,0.68,0.13
18,12.13,3.33,4.39,0.66,0.14
17.58,11.94,3.23,4.29,0.6,0.15
17.29,11.37,3.19,4.1,0.55,0.15
17.58,11.5,3.17,4.03,0.52,0.13
16.38,10.91,3.13,3.74,0.49,0.1
14.8,10.71,3.05,3.6,0.47,0.08
16.58,12.09,3.08,4.45,0.8,0.15
20.31,12.99,3.14,5.17,1.06,0.35
21.59,13.24,3.06,5.52,0.91,0.43
19.67,12.47,3.03,5.03,0.78,0.22
18.11,12.55,2.99,5.21,0.69,0.16
27.47,18.3,3.83,9.88,1.88,0.43
39.92,31.97,5.48,17.23,1.13,0.4
29.61,20.7,4.93,8.81,0.87,0.19
26.54,18.65,4.71,7.86,0.75,0.17
23.48,16.85,4.34,7.01,0.67,0.16
20.95,14.81,4.01,5.93,0.58,0.13
19.24,12.99,3.78,4.88,0.52,0.12
17.38,11.81,3.6,4.31,0.5,0.11
16.58,11.53,3.47,4.31,0.46,0.09
16.38,10.91,3.36,3.93,0.44,0.09
14.8,10.41,3.27,3.78,0.46,0.09
14.32,9.88,3.16,3.56,0.42,0.09
14.13,9.46,3.06,3.38,0.4,0.08
13.85,9.13,2.97,3.29,0.37,0.07
12.91,8.66,2.88,3.09,0.35,0.07
12.35,8.46,2.79,2.97,0.34,0.06
11.36,8.14,2.74,2.87,0.33,0.05
11.36,8.04,2.44,2.85,0.32,0.05
11.8,7.78,2.4,2.79,0.31,0.06
11.44,7.61,2.36,2.72,0.3,0.05
10.39,7.43,2.3,2.72,0.29,0.05
9.87,7.1,2.22,2.59,0.28,0.05
10.04,6.82,2.18,2.53,0.28,0.05
10.22,6.63,2.13,2.49,0.27,0.04
9.36,6.53,2.11,2.49,0.26,0.04
10.73,6.47,2.08,2.46,0.26,0.05
9.87,6.38,2.02,2.41,0.26,0.04
10.22,6.66,2.06,2.56,0.31,0.05
10.04,6.47,2.01,2.47,0.27,0.05
10.04,6.03,1.97,2.37,0.26,0.05
9.62,6.4,1.91,2.28,0.26,0.05
9.19,6.35,1.87,2.24,0.26,0.05
10.04,5.97,1.85,2.2,0.26,0.04
12.08,5.96,1.85,2.17,0.23,0.04
11.8,5.85,1.82,2.15,0.22,0.04
11.8,5.77,1.76,2.14,0.22,0.04
11.8,5.74,1.76,2.11,0.22,0.04
11.8,5.64,1.74,2.06,0.21,0.04
11.8,5.51,1.7,2.04,0.21,0.04
11.8,5.43,1.68,1.99,0.2,0.04
10.47,5.39,1.71,1.97,0.2,0.03
10.56,5.32,1.63,1.98,0.2,0.03
9.36,5.27,1.61,1.96,0.2,0.04
9.53,5.7,1.61,1.97,0.2,0.03
10.39,5.73,1.64,2.28,0.25,0.05
9.45,5.37,1.6,2.08,0.22,0.05
9.03,5.22,1.58,1.99,0.2,0.04
9.19,5.13,1.38,1.95,0.2,0.03
8.37,5.23,1.39,2.02,0.22,0.03
8.77,5.02,1.41,1.73,0.25,0.04
7.41,4.46,1.36,1.35,0.21,0.03
7.18,4.31,1.32,1.3,0.2,0.03
7.18,4.2,1.31,1.32,0.19,0.03
6.94,4.16,1.3,1.37,0.19,0.03
7.57,4.11,1.28,1.34,0.19,0.03
7.57,4.35,1.31,1.46,0.22,0.04
8.86,4.58,1.35,1.54,0.23,0.04
8.86,4.67,1.3,1.53,0.26,0.04
7.89,4.37,1.28,1.47,0.22,0.04
8.37,4.17,1.28,1.46,0.22,0.04
7.57,3.98,1.24,1.39,0.19,0.03
7.1,3.9,1.24,1.4,0.18,0.03
6.94,3.92,1.21,1.4,0.18,0.03
6.79,3.85,1.21,1.41,0.17,0.03
7.25,3.94,1.2,1.41,0.17,0.03
6.94,3.86,1.19,1.4,0.16,0.03
6.86,3.69,1.18,1.4,0.15,0.03
6.41,3.82,1.22,1.55,0.16,0.03
7.1,4.02,1.2,1.68,0.16,0.03
8.86,4.72,1.59,1.93,0.24,0.04
8.04,4.64,1.42,1.81,0.18,0.03
6.79,4.23,1.27,1.7,0.16,0.03
6.05,4.2,1.26,1.65,0.16,0.02
5.67,4.1,1.23,1.6,0.15,0.02
10.22,4.14,1.27,1.62,0.15,0.02
5.76,4.12,1.2,1.65,0.14,0.02
4.5,3.97,1.15,1.56,0.14,0.02
5.18,3.94,1.15,1.51,0.14,0.02
5.53,4.07,1.02,1.51,0.14,-9990
5.91,3.89,1.06,1.51,0.15,-9990
6.05,3.67,1.02,1.49,0.14,-9990
5.62,3.69,0.99,1.47,0.13,-9990
5.68,3.66,1,1.49,0.13,-9990
6.05,3.87,1.19,1.58,0.16,-9990
6.49,3.98,1.12,1.57,0.15,-9990
7.89,4.86,1.4,1.83,0.28,-9990
7.25,4.34,1.19,1.69,0.18,-9990
6.49,3.97,1.14,1.6,0.15,-9990
6.2,3.8,1.08,1.53,0.14,-9990
6.49,3.73,1.08,1.5,0.13,-9990
5.91,3.74,1.07,1.55,0.13,-9990
5.76,3.61,1.07,1.45,0.12,-9990
5.83,3.68,1.07,1.41,0.14,-9990
8.77,4.18,1.19,1.66,0.38,-9990
8.77,4.4,1.26,1.75,0.23,-9990
5.91,4.71,1.22,1.59,0.17,-9990
5.83,4.63,1.17,1.58,0.16,-9990
5.53,4.46,1.14,1.52,0.15,-9990
5.47,4.3,1.13,1.47,0.13,-9990
5.05,4.26,1.12,1.42,0.13,-9990
4.77,4.22,1.12,1.42,0.13,-9990
4.97,4.24,1.12,1.41,0.13,-9990
5.18,4.21,1.12,1.4,0.12,-9990
5.68,4.19,1.12,1.41,0.13,-9990
5.76,4.21,1.12,1.41,0.14,-9990
5.53,4.17,1.12,1.36,0.14,-9990
6.05,4.26,1.15,1.43,0.24,-9990
5.68,4.38,1.17,1.47,0.14,-9990
4.86,4.56,1.14,1.55,0.13,-9990
5.74,4.89,1.12,1.77,0.33,-9990
5.79,4.89,1.12,1.68,0.2,-9990
11.52,9.77,2.6,5.14,1.16,-9990
12.52,10.33,2.25,4.89,0.55,-9990
7.14,6.18,1.55,2.39,0.25,-9990
5.78,5.43,1.37,1.97,0.19,-9990
5.6,5.13,1.28,1.8,0.17,-9990
5.64,4.98,1.22,1.72,0.15,-9990
5.55,4.99,1.22,1.75,0.17,-9990
5.41,4.89,1.17,1.69,0.15,-9990
5.3,4.77,1.17,1.68,0.14,-9990
5.17,4.68,1.16,1.63,0.14,-9990
5.26,4.76,1.16,1.62,0.14,-9990
6.76,5.61,1.53,2.07,0.29,-9990
6.27,5.08,1.32,1.78,0.18,-9990
5.7,4.93,1.26,1.64,0.17,-9990
5.38,4.7,1.21,1.59,0.14,-9990
5.18,4.24,1.18,1.62,0.15,-9990
7.73,4.16,1.17,1.62,0.14,-9990
5.07,4.16,1.16,1.61,0.13,-9990
5.1,4.48,1.2,1.56,0.14,-9990
5.14,4.51,1.18,1.56,0.13,-9990
5.01,4,1.16,1.54,0.13,-9990
4.84,4.3,1.15,1.54,0.13,-9990
4.93,4.46,1.26,1.45,0.11,-9990
4.83,4.4,1.2,1.43,0.11,-9990
4.74,4.39,1.19,1.43,0.11,-9990
4.7,4.45,1.2,1.4,0.11,-9990
5.7,5.27,1.43,1.87,0.19,-9990
7.52,5.72,1.78,1.88,0.39,-9990
6.38,5.23,1.41,1.67,0.21,-9990
4.29,4.83,1.24,1.52,0.15,-9990
3.93,4.67,1.21,1.47,0.14,-9990
3.98,4.66,1.18,1.46,0.14,-9990
4.65,4.58,1.16,1.42,0.13,-9990
4.53,4.47,1.14,1.37,0.12,-9990
4.54,4.58,1.14,1.47,0.15,-9990
7.67,6.75,1.25,2.64,0.42,-9990
6.22,5.41,1.23,1.83,0.26,-9990
6.67,6,1.84,2.15,0.26,-9990
6.43,5.91,1.6,1.73,0.23,-9990
8.78,8.16,2.43,3.33,0.47,-9990
7.81,6.46,1.83,2.12,0.32,-9990
7.77,6.69,1.93,2.28,0.4,0.16
7,6.1,1.78,1.9,0.26,0.07
6.03,5.58,1.69,1.72,0.19,0.05
5.84,5.53,1.65,1.72,0.17,0.03
5.65,5.61,1.61,1.72,0.17,0.03
5.57,5.4,1.57,1.6,0.16,0.03
5.18,5.2,1.55,1.49,0.15,0.03
5.27,5.15,1.5,1.46,0.14,0.03
5.15,5.11,1.46,1.45,0.13,0.02
5.01,5.09,1.46,1.44,0.12,0.02
5.03,5.06,1.45,1.43,0.12,0.02
5.46,5.38,1.54,1.61,0.22,0.04
7.28,5.81,1.6,1.82,0.3,0.08
5.81,5.49,1.51,1.6,0.16,0.07
5.2,5.15,1.43,1.44,0.14,0.04
5.08,5.06,1.41,1.41,0.14,0.03
5.02,5.05,1.42,1.41,0.14,0.03
5.37,5.37,1.45,1.54,0.18,0.03
8.09,7.03,1.81,2.37,0.38,0.14
12.76,10.88,2.38,4.73,1.03,0.64
15.69,13.96,3.9,5.19,0.51,0.36
10.33,9.26,2.77,2.89,0.33,0.16
10.06,10.79,3.46,4.09,0.35,-9990
11.98,11.46,3.46,3.62,0.37,-9990
19.74,20.56,4.79,8.85,0.98,-9990
20.21,18.58,4.76,6.71,0.56,-9990
15.07,14.07,4.13,4.37,0.42,-9990
11.99,11.49,3.6,3.26,0.34,-9990
10.67,10.43,3.25,2.86,0.29,-9990
10.92,10.37,3.66,3.2,0.31,-9990
11.83,10.64,3.36,2.93,0.27,-9990
9.46,9.15,2.98,2.45,0.23,-9990
9.12,8.76,2.86,2.38,0.29,-9990
8.66,8.31,2.73,2.2,0.24,-9990
9.62,8.41,2.67,2.31,0.4,-9990
8.65,7.97,2.52,2.05,0.3,-9990
8.01,7.55,2.43,1.95,0.24,-9990
7.97,7.74,2.31,2.35,0.22,-9990
8.33,7.94,2.3,2.5,0.24,-9990
8.45,8.15,2.32,2.68,0.23,-9990
10.4,9.31,2.59,3.14,0.43,-9990
9.42,8.36,2.28,2.73,0.3,-9990
16.25,14.66,4.07,6.39,0.99,-9990
13.58,11.33,3.17,3.89,0.58,-9990
15.75,12.5,3.3,4.63,1.14,-9990
14.18,12.02,3.15,4,0.75,-9990
12.27,10.76,3,3.55,0.58,-9990
11.53,9.96,2.92,3.34,0.47,-9990
11.15,10.11,2.99,3.24,0.43,-9990
19.32,17.92,6.29,6.83,1.53,0.62
21.21,18.69,5.73,6.6,0.95,0.37
24.02,20.69,6.25,7.36,1.16,0.33
18.94,16.97,5.44,5.44,0.74,0.16
18.17,16.71,5.6,5.28,0.91,0.22
19.48,16.85,5.29,5.4,0.96,0.21
16.98,15.17,4.93,4.73,0.64,0.16
15.35,13.98,4.56,4.32,0.53,0.15
14.74,13.41,4.34,4.21,0.55,0.19
13.85,12.72,4.03,3.93,0.47,0.14
12.83,11.83,3.81,3.6,0.4,0.12
12.23,11.21,3.65,3.37,0.37,0.1
11.76,10.77,3.44,3.24,0.34,0.1
11.72,10.73,3.35,3.35,0.36,0.16
14.53,12.46,3.48,4.66,0.54,0.32
13.85,11.58,3.19,4.04,0.46,0.17
20.8,15.46,5.03,5.71,2.05,0.41
20.34,16.15,4.74,5.74,1,0.21
17,14.75,5.04,4.69,0.72,0.15
15.52,13.8,4.68,4.25,0.62,0.15
15.84,13.69,4.48,4.37,0.63,0.13
14.06,12.56,4.08,3.93,0.5,0.11
13.15,12.03,3.88,3.81,0.45,0.1
12.5,11.42,3.73,3.58,0.41,0.1
12.17,11.14,3.69,3.53,0.39,0.1
12.14,11.4,3.77,3.74,0.37,0.13
11.93,10.95,3.54,3.52,0.34,0.11
11.27,10.41,3.3,3.3,0.31,0.11
11.17,10.32,3.27,3.35,0.33,0.11
10.99,10.06,3.16,3.33,0.31,0.11
11.62,10.33,3.49,3.51,0.34,0.13
11.3,10.08,3.36,3.38,0.33,0.12
12.34,11.39,3.84,4.16,0.47,0.25
12.39,10.97,3.66,3.85,0.39,0.13
11.67,10.81,3.54,3.8,0.35,0.11
11.85,10.47,3.49,3.58,0.36,0.11
11.54,10.35,3.46,3.43,0.39,0.11
11.51,10.32,3.47,3.43,0.4,0.14
12.17,11.06,3.76,3.91,0.43,0.2
12.21,10.83,3.57,3.71,0.46,0.2
16.1,12.55,3.73,4.91,1.02,0.3
13.89,11.53,3.56,4.22,0.64,0.15
25.82,22.28,5.85,9.6,2.66,0.83
34.23,25.04,6.38,9.07,1.53,0.43
22.53,18.89,5.67,6.42,0.93,0.21
18.82,16.1,5.06,5.27,0.72,0.15
17,14.69,4.7,4.84,0.72,0.15
19.57,14.35,4.4,5,0.87,0.16
15.9,12.74,4.11,4.38,0.67,0.14
21.6,15.03,4.19,6.07,2.87,0.42
64.83,33.63,4.98,16.06,4.4,1.39
37.84,23.71,5.1,9.5,2.12,0.62
28.53,19.56,5.08,7.28,1.41,0.37
31.02,24.91,6.22,11.05,2.79,0.76
71.08,58.33,9.46,30.99,2.51,0.63
46.7,37.02,7.71,16.52,1.38,0.34
44.08,35.68,7.46,17.27,2.72,0.5
67.6,50.56,10.62,24.83,3.44,0.57
48,37.45,9.45,15.81,1.81,0.41
53.97,43.53,10.09,21.19,2.11,0.49
41.56,34.03,9.03,15.23,1.32,0.34
37.1,30.45,8.19,13.34,1.13,0.3
32.53,26.05,7.35,10.89,1.01,0.23
27.22,22.53,6.71,9.11,0.89,0.19
24.61,19.92,6.11,7.81,0.77,0.16
20.9,17.16,5.67,6.25,0.69,0.15
19.58,16.56,5.38,6.33,0.65,0.18
21.81,19.32,5.29,9.02,0.6,0.19
21.99,19.08,5.26,8.61,0.56,0.15
24.89,23.59,6.09,13.01,1.47,0.36
48.87,37.54,6.99,18.95,1.41,0.29
43.08,40.52,8.24,23.22,1.23,0.4
37.67,29.18,7.37,13.37,0.91,0.21
31.4,27.29,7.18,12.67,0.79,0.2
27.98,24.31,6.58,11.06,0.71,0.23
37.69,35.21,8.23,18.43,1.18,0.32
45.1,38.32,8.46,19.37,1.2,0.4
41.96,33.26,8.05,15.49,1.04,0.23
33.7,28.2,7.41,12.57,0.89,0.16
29.08,24.02,6.75,10.1,0.78,0.13
25.7,21.33,6.22,8.62,0.7,0.12
28.31,24.85,6.05,12.1,0.81,0.15
25.48,20.03,5.47,8.34,0.68,0.14
20.81,17.04,5.12,6.53,0.59,0.14
21.84,17.14,5.2,6.78,0.96,0.15
26.25,21.39,5.29,10.07,1.03,0.24
27,21.33,5.51,9.72,1.01,0.21
25.72,21.25,5.57,9.84,0.8,0.19
25.28,22.01,5.61,10.62,0.68,0.21
23.73,19.4,5.38,8.49,0.61,0.15
21.13,17.88,5.34,7.49,0.58,0.14
20.45,17.32,5.4,7.17,0.54,0.13
19.08,15.73,5.16,6.29,0.51,0.12
17.28,14.25,4.85,5.47,0.48,0.11
16,13.02,4.61,4.74,0.45,0.1
15.07,12.53,4.45,4.54,0.44,0.09
14.77,13.17,5.03,5.89,0.42,0.09
22.09,20.38,5.66,10.34,0.46,0.11
22.19,19.1,5.47,9.15,0.44,0.13
18.66,15.78,5.16,6.81,0.41,0.1
16.3,13.92,4.88,5.58,0.4,0.09
15.35,12.92,4.69,4.84,0.39,0.08
16.51,15,5.14,6.55,0.49,0.12
18.23,14.89,4.67,6.31,0.44,0.11
16.15,13.69,4.65,5.56,0.44,0.14
16.69,13.92,4.67,5.87,0.69,0.15
19.42,16.24,4.59,7.44,0.64,0.14
17.46,14.14,4.54,5.94,0.59,0.11
16.15,13.24,4.37,5.25,0.51,0.1
15.92,13.92,4.53,5.57,1.1,0.21
37.43,27.11,5.76,13.22,1.39,0.34
32.68,27.31,6.2,13.77,1.39,0.41
78.23,71.32,12.9,44.41,2.08,1.1
60.16,45.97,10.26,21.38,1.52,0.34
41.18,32.29,8.32,13.91,1.57,0.27
60.37,48.82,10.4,24.66,2.3,0.69
46,35.02,9.09,14.95,1.96,0.36
48.82,34.81,8.6,15.91,1.67,0.37
46.25,32.12,7.9,14.03,2.41,0.3
42.62,29.06,7.67,12.64,2.05,0.48
44.82,32.91,8.34,14.75,1.69,0.45
48.46,36.22,8.83,15.9,1.23,0.51
39.98,29.72,7.96,11.96,1.03,0.29
32.59,25.15,7.35,9.62,1.01,0.21
28.13,21.87,6.69,8.09,0.93,0.17
24.65,19,6.09,6.78,0.8,0.15
22.04,17.12,5.61,5.94,0.71,0.14
19.97,15.8,5.26,5.46,0.64,0.12
18.71,14.53,4.93,4.83,0.59,0.11
17.28,13.49,4.68,4.41,0.54,0.11
16.37,12.79,4.46,4.21,0.51,0.1
16.04,12.51,4.28,4.15,0.53,0.11
16.71,12.3,4.1,4.16,0.58,0.12
16.57,12.07,3.96,4.12,0.59,0.16
18.25,12.39,4.13,4.29,0.93,0.16
17.14,11.95,3.95,4.02,0.75,0.13
15.22,10.99,3.76,3.63,0.63,0.11
14.62,10.86,3.78,3.64,0.7,0.11
16.54,12.02,4.17,4.12,0.84,0.15
15.87,11.4,3.85,3.98,0.71,0.12
14.94,10.97,3.76,3.71,0.64,0.1
14.25,10.68,3.68,3.58,0.6,0.1
13.77,10.36,3.6,3.43,0.55,0.09
13.33,10.04,3.46,3.28,0.52,0.09
13.1,9.89,3.39,3.23,0.5,0.09
12.93,9.85,3.39,3.31,0.48,0.09
12.31,9.39,3.28,3.13,0.46,0.09
12.01,9.16,3.17,3.04,0.44,0.08
11.92,8.87,3.09,2.95,0.42,0.07
11.8,8.68,2.99,2.85,0.41,0.07
11.45,8.64,2.78,2.84,-9990,0.07
11.71,8.92,2.83,2.95,-9990,0.08
12.47,9.22,2.85,3.13,-9990,0.09
12.24,8.97,2.74,3.02,-9990,0.09
15.14,9.52,2.69,3.23,-9990,0.1
19.07,11.39,3.18,3.84,-9990,0.2
16.42,10.14,2.99,3.25,-9990,0.14
13.95,9.52,2.94,2.95,-9990,0.11
20.38,10.38,2.93,3.38,-9990,0.14
19,12.91,3.3,5.79,-9990,0.63
29.59,18.9,3.59,8.79,-9990,0.76
25.9,18.68,3.54,9.66,-9990,0.39
26.99,18.41,3.56,8.79,-9990,0.27
21.8,15.01,3.48,6.56,-9990,0.18
18.95,13.59,3.37,5.72,-9990,0.14
17.32,12.34,3.2,4.86,-9990,0.12
15.75,11.44,3.1,4.37,-9990,0.11
14.59,10.63,2.98,3.95,-9990,0.11
13.93,10.25,2.91,3.82,-9990,0.1
13.41,9.86,2.82,3.52,-9990,0.09
14.47,10,2.93,3.61,-9990,0.1
20.05,11.49,3.31,4.25,-9990,0.17
14.91,10.03,2.9,3.53,-9990,0.11
13.4,9.4,2.79,3.21,-9990,0.09
12.7,9.18,3,3.46,-9990,0.1
15.28,11.95,3.57,4.99,-9990,0.15
15.09,11.68,3.26,5.17,-9990,0.1
14.3,10.25,3.02,4,-9990,0.09
12.99,9.75,3.02,3.66,-9990,0.08
12.78,9.63,2.92,3.43,-9990,0.07
12.25,9.02,2.86,3.13,-9990,0.07
11.75,8.66,2.51,3.13,0.4,0.08
12.92,9.62,2.65,3.54,0.44,0.12
12.08,8.67,2.34,3.25,0.4,0.1
11.66,8.33,2.3,3.13,0.38,0.09
11.41,8.13,2.27,3.07,0.37,0.1
11.41,8.13,2.25,3.08,0.36,0.13
12.18,8.99,2.39,3.53,0.43,0.14
11.61,8.27,2.28,3.16,0.36,0.1
11.1,7.95,2.22,3,0.33,0.1
10.95,7.99,2.24,3.1,0.36,0.12
11.4,8.2,2.28,3.23,0.35,0.12
11.07,7.96,2.27,3.18,0.33,0.11
10.94,7.92,2.26,3.11,0.33,0.1
13.82,9.48,2.79,4.01,0.77,0.17
13.38,9.87,2.66,4.45,0.55,0.13
12.79,9.39,2.66,3.99,0.49,0.12
16.41,11.86,2.76,6.3,0.96,0.2
15.82,10.87,2.69,5.01,0.78,0.13
26.19,20.59,3.78,13.09,1.12,0.4
22.96,16.87,3.53,8.71,1.07,0.18
34.03,25.06,4.87,14.52,2.25,0.43
25.02,19.59,4.31,9.54,2.24,0.18
20.34,15.86,4,7.22,0.81,0.12
17.43,13.51,3.75,5.7,0.67,0.11
15.56,11.94,3.55,4.8,0.6,0.1
14.24,10.94,3.39,4.25,0.54,0.1
13.51,10.28,3.23,3.97,0.49,0.1
12.86,9.94,3.18,3.87,0.48,0.1
12.82,9.73,3.09,3.81,0.44,0.09
12.07,9.11,2.98,3.42,0.4,0.08
25.65,25.24,4.68,15.91,0.99,0.22
26.13,18.54,3.73,9.29,0.72,0.15
16.41,12.62,3.32,5.52,0.53,0.1
13.42,10.64,3.14,4.21,0.46,0.09
12.43,10.02,2.96,3.92,0.41,0.08
12,9.59,2.84,3.79,0.38,0.06
12.28,9.94,2.76,4.23,0.38,0.08
14.1,10.02,2.78,4.13,0.41,0.13
12.04,8.89,2.69,3.52,0.35,0.1
11.61,8.41,2.63,3.32,0.33,0.09
11.42,8.25,2.58,3.25,0.31,0.08
11.33,8.08,2.57,3.23,0.35,0.08
11.78,8.63,2.71,4.94,0.56,0.33
18.04,15.01,2.68,7.58,0.42,0.65
12.71,9.53,2.54,4.6,0.34,0.18
11.54,8.71,2.44,4.09,0.3,0.12
11.17,8.5,2.42,3.98,0.29,0.12
11.29,8.35,2.4,3.86,0.29,0.12
10.62,7.81,2.31,3.56,0.27,0.1
10.08,7.45,2.26,3.39,0.25,0.08
9.6,7.16,2.24,3.23,0.24,0.07
9.6,7.02,2.24,3.18,0.24,0.06
9.22,6.7,2.2,3.07,0.23,0.06
9.05,6.9,2.2,2.99,0.23,0.06
9.05,7.06,2.19,2.96,0.22,0.06
8.95,6.86,2.17,2.87,0.22,0.05
8.69,6.67,2.14,2.8,0.21,0.05
8.54,6.59,2.12,2.77,0.2,0.05
8.44,6.53,2.12,2.75,0.21,0.05
8.28,6.4,2.1,2.69,0.2,0.05
8.12,6.31,2.06,2.66,0.19,0.05
8.01,5.99,1.8,2.66,0.2,0.05
9,6.75,2.02,3.04,0.3,0.06
8.43,6.16,1.84,2.76,0.21,0.05
7.97,6.13,1.85,2.77,0.19,0.05
7.58,5.86,1.77,2.66,0.2,0.05
7.49,5.78,1.75,2.65,0.19,0.05
7.07,5.62,1.73,2.55,0.18,0.04
7.06,5.46,1.68,2.49,0.17,0.04
7.12,5.41,1.7,2.47,0.17,0.05
7,5.37,1.66,2.48,0.16,0.05
6.67,5.3,1.66,2.46,0.15,0.03
6.52,5.28,1.64,2.44,0.14,0.03
6.52,5.24,1.64,2.44,0.14,0.03
6.37,5.22,1.63,2.45,0.14,0.03
6.5,5.24,1.63,2.45,0.15,0.03
6.64,5.1,1.62,2.43,0.14,0.03
6.56,5.1,1.59,2.46,0.14,0.05
6.43,5.02,1.58,2.4,0.14,0.03
6.41,5,1.56,2.37,0.14,0.03
6.32,4.99,1.55,2.36,0.14,0.03
6.24,5.01,1.54,2.33,0.13,0.03
6.15,4.96,1.52,2.31,0.13,0.03
6.63,4.88,1.5,2.29,0.12,0.03
5.81,4.8,1.48,2.31,0.12,0.03
6.05,4.83,1.47,2.3,0.12,0.03
6.24,4.72,1.45,2.26,0.12,0.03
5.94,4.71,1.44,2.28,0.12,0.03
5.72,4.77,1.44,2.24,0.12,0.03
5.9,4.75,1.43,2.26,0.12,0.03
6.17,4.67,1.42,2.26,0.11,0.02
6.11,4.59,1.29,2.26,0.11,0.02
5.92,4.57,1.29,2.23,0.11,0.02
5.9,4.52,1.28,2.22,0.11,0.02
5.72,4.47,1.27,2.21,0.11,0.02
5.65,4.5,1.27,2.17,0.11,0.02
5.7,4.33,1.26,2.14,0.1,0.02
6.04,4.28,1.25,2.18,0.11,0.02
4.74,4.35,1.25,2.2,0.12,0.02
4.71,4.45,1.25,2.25,0.12,0.03
4.19,4.58,1.24,2.25,0.15,0.03
4.84,4.52,1.25,2.26,0.13,0.03
4.52,4.63,1.25,2.24,0.13,0.03
4.89,5.1,1.38,2.33,0.19,0.03
8.59,5.93,1.49,2.78,0.63,-9990
6.03,4.87,1.27,2.3,0.19,-9990
4.48,4.64,1.22,2.2,0.15,-9990
6.15,6.03,2.13,2.68,0.49,-9990
6.82,5.66,1.38,2.36,0.27,-9990
5.54,4.87,1.23,2.24,0.18,-9990
5.18,4.82,1.19,2.21,0.17,-9990
5.02,4.55,1.14,2.1,0.14,-9990
4.88,4.51,1.15,2.15,0.15,-9990
5.1,5.04,1.28,2.49,0.16,-9990
5.69,5.23,1.44,2.45,0.17,-9990
5.41,5.06,1.24,2.19,0.14,-9990
6.56,5.03,1.14,2.11,0.14,-9990
6.09,4.96,1.1,2.06,0.13,-9990
5.1,4.85,1.08,2.01,0.13,-9990
4.67,4.62,1.06,1.98,0.12,-9990
4.58,4.88,1.04,1.94,0.12,-9990
4.82,4.46,1.02,1.94,0.13,-9990
4.68,4.61,1.11,3.02,0.12,-9990
4.62,5.03,1.11,3.02,0.11,-9990
4.36,5.01,1.1,2.97,0.1,-9990
4.21,5.02,1.08,2.96,0.09,-9990
4.24,5.11,1.09,3.03,0.12,-9990
4.29,5.07,1.08,2.97,0.1,-9990
4.1,5.02,1.05,2.92,0.1,-9990
3.99,5.35,1.06,3.25,0.09,-9990
4.08,4.89,1.1,3.09,0.1,-9990
4.13,4.27,1.04,2.97,0.09,-9990
3.91,4.11,1.01,2.89,0.09,-9990
3.82,4.1,1,2.85,0.09,-9990
3.69,4.05,1,2.87,0.09,-9990
3.91,4.43,0.99,2.93,0.11,-9990
4.83,4.4,1.02,2.89,0.13,-9990
4.5,4.43,1.02,2.85,0.11,-9990
4.33,4.22,0.97,2.78,0.1,-9990
4.26,4.16,0.94,2.74,0.1,-9990
4.55,4.49,0.97,2.85,0.14,-9990
4.88,4.49,1.05,2.8,0.12,-9990
4.57,4.25,0.94,2.69,0.09,-9990
4.51,4.2,0.93,2.7,0.1,-9990
4.52,4.19,0.92,2.65,0.1,-9990
4.49,4.16,0.89,2.64,0.1,-9990
4.56,4.31,0.87,2.69,0.09,-9990
4.37,4.05,0.86,2.58,0.11,-9990
4.16,4.07,0.84,2.54,0.09,-9990
4.12,3.99,0.83,2.5,0.08,-9990
3.93,3.98,0.81,2.49,0.09,-9990
4.67,4.67,0.81,2.68,0.16,-9990
4.91,4.28,0.82,2.6,0.12,-9990
4.2,4.15,1.01,2.5,0.1,-9990
4,4.09,0.99,2.48,0.09,-9990
4.02,4.08,0.98,2.44,0.1,-9990
3.96,4.01,0.97,2.44,0.09,-9990
3.96,4.09,0.96,2.47,0.09,-9990
3.89,4.11,0.95,2.46,0.09,-9990
4,4.06,0.93,2.45,0.09,-9990
4.24,4.09,0.92,2.46,0.09,-9990
4.17,4.37,0.94,2.6,0.1,-9990
4.24,4.16,0.93,2.46,0.1,-9990
4.07,4.06,0.91,2.42,0.11,-9990
4.15,4.13,0.9,2.42,0.1,-9990
4.23,4.06,0.91,2.39,0.09,-9990
4.11,4.07,0.89,2.35,0.09,-9990
4.16,4.03,0.87,2.34,0.09,-9990
4.1,4.01,0.86,2.32,0.09,-9990
4.13,4.02,0.86,2.28,0.09,-9990
3.73,4.16,0.87,2.37,0.11,-9990
4.17,4.11,0.86,2.34,0.1,-9990
4.16,4.1,0.85,2.3,0.11,-9990
4.05,4.01,0.83,2.25,0.09,-9990
4.06,4.05,0.82,2.25,0.09,-9990
4.11,3.9,0.8,2.24,0.09,-9990
4.05,4.1,0.8,2.27,0.1,-9990
6.48,5.57,1.11,2.7,0.37,-9990
4.97,5.13,1.15,2.49,0.13,-9990
5.13,5.68,0.99,2.56,0.16,-9990
4.36,5.45,0.94,2.48,0.12,-9990
4.41,5.46,0.89,2.45,0.13,-9990
4.64,5.58,0.86,2.47,0.15,-9990
4.74,5.49,1.06,2.27,0.14,0.02
5.43,5.62,1.09,2.42,0.39,0.08
5.35,5.87,1.17,2.43,0.19,0.05
4.46,5.55,1.15,2.42,0.14,0.05
4.49,5.53,1.18,2.42,0.12,0.04
4.62,5.37,1.09,2.23,0.11,0.03
4.29,5.2,1.05,2.11,0.11,0.02
4.28,4.52,1.02,2.06,0.1,0.02
4.48,4.57,1.06,2.19,0.13,0.03
5.13,4.89,1.06,2.26,0.18,0.04
4.48,4.24,1.02,1.86,0.11,0.03
4.25,3.95,1,1.55,0.11,0.02
3.99,3.87,0.97,1.51,0.11,0.02
3.91,3.94,0.96,1.51,0.12,0.02
4.03,4.09,0.96,1.59,0.13,0.02
4.4,4.02,0.95,1.55,0.14,0.03
4.18,4.19,0.94,1.66,0.12,0.05
4.12,4.05,0.92,1.56,0.12,0.03
3.84,3.91,0.91,1.5,0.11,0.03
3.91,3.86,0.89,1.45,0.1,0.02
3.77,3.84,0.89,1.42,0.1,0.02
3.78,3.8,0.87,1.42,0.1,0.02
4,3.8,0.85,1.38,0.1,0.02
3.64,3.83,0.84,1.37,0.11,0.02
3.62,3.81,0.83,1.37,0.11,0.02
3.6,3.85,0.83,1.37,0.11,0.02
3.9,3.87,0.82,1.43,0.11,0.02
3.74,3.72,0.8,1.37,0.11,0.02
3.6,3.82,0.79,1.47,0.11,0.02
3.7,4.02,0.79,1.37,0.11,0.02
3.5,3.83,0.78,1.37,0.12,0.02
3.82,4.05,0.94,1.37,0.27,0.02
3.87,4.2,0.95,1.37,0.26,0.03
4.87,4.58,1.09,1.68,0.34,0.05
4.24,4.07,1.03,1.46,0.16,0.03
4.09,4.01,0.97,1.44,0.18,0.03
4.15,4.01,0.96,1.45,0.24,0.03
3.9,3.89,0.94,1.41,0.15,0.02
3.78,3.8,0.92,1.37,0.14,0.02
3.73,3.86,0.91,1.38,0.14,0.02
4,3.83,0.9,1.37,0.15,0.02
4.11,3.74,0.89,1.37,0.14,0.02
3.4,3.72,0.87,1.38,0.13,0.02
3.68,3.6,0.86,1.37,0.13,0.02
3.65,3.69,0.85,1.37,0.12,0.02
5.36,4.33,0.99,1.68,0.56,0.07
5.71,5.29,1.47,1.92,0.35,0.09
5.08,4.76,1.19,1.72,0.2,0.05
4.2,4.21,1.09,1.65,0.16,0.04
4.2,4.36,1.19,1.85,0.21,0.07
4.45,5.07,1.32,2.2,0.19,0.07
4.38,4.65,1.16,1.86,0.15,0.05
4.08,4.4,1.11,1.73,0.15,0.04
4.03,4.25,1.09,1.68,0.15,0.04
4.03,4.13,1.06,1.63,0.14,0.04
4.06,4.26,1.21,1.83,0.16,0.06
4.35,4.9,1.21,1.93,0.15,0.05
5.38,5.73,1.41,2.56,0.33,0.15
5.49,5.65,1.3,2.43,0.22,0.07
4.67,5.17,1.24,2.11,0.18,0.04
4.37,4.85,1.2,1.86,0.16,0.03
28.81,23.86,5.6,13.4,2.98,0.8
39.88,27.48,5.96,12.54,1.5,0.45
17.72,14.47,3.9,5.46,0.6,0.16
11.22,10.18,3.27,3.27,0.41,0.12
9.56,8.77,2.91,2.76,0.33,0.08
8.51,8.05,2.64,2.52,0.28,0.07
7.8,7.46,2.41,2.36,0.25,0.06
7.44,6.96,2.23,2.22,0.22,0.06
6.82,6.48,2.11,2.1,0.21,0.05
6.48,6.22,2.02,2.02,0.19,0.05
6.28,6,1.95,1.95,0.19,0.05
6.09,5.78,1.86,1.87,0.18,0.04
5.89,5.56,1.78,1.77,0.16,0.04
5.82,5.43,1.74,1.75,0.17,0.04
5.74,5.3,1.71,1.74,0.17,0.04
5.7,5.26,1.64,1.74,0.16,0.03
5.64,5.08,1.61,1.69,0.16,0.03
5.29,5.06,1.6,1.66,0.15,0.03
5.27,4.68,1.48,1.62,0.15,0.03
5.14,4.92,1.47,1.62,0.15,0.03
5.13,4.78,1.44,1.59,0.15,0.03
5.13,4.7,1.43,1.59,0.14,0.03
5.11,4.7,1.42,1.6,0.15,0.03
5.12,5.02,1.47,1.61,0.17,0.04
5.37,5.92,1.87,2.21,0.18,0.05
6.2,5.8,1.61,2.08,0.16,0.05
5.78,5.41,1.52,1.97,0.15,0.04
5.74,5.08,1.49,1.91,0.15,0.04
5.62,4.92,1.46,1.85,0.15,0.04
5.46,4.76,1.46,1.77,0.15,0.03
7.13,7.75,2.69,3.41,0.43,0.17
23.54,25.68,7.16,16.71,2.23,0.74
68.32,51.89,12.98,24.14,3.35,1.2
47.89,36.31,9.83,13.12,1.34,0.43
33.8,27.78,8.63,10.67,2,0.56
40.19,34.1,9.65,14.78,1.61,0.53
30.41,25.54,7.93,9.38,1.06,0.27
22.67,20.23,6.73,6.72,0.77,0.19
18.52,16.56,5.8,5.09,0.6,0.16
29.7,23.75,5.85,11.02,1.6,0.88
31.34,23.14,5.84,9.76,1.41,0.53
26.9,22.64,6.03,9.74,1,0.47
23.8,20.06,5.74,8.02,0.79,0.31
21.06,18.74,5.52,7.45,0.65,0.27
18.59,16.61,5.08,6.2,0.54,0.2
15.32,14.15,4.66,4.87,0.46,0.17
13.7,12.84,4.27,4.3,0.41,0.16
12.41,12.04,3.99,3.97,0.38,0.14
11.86,11.4,3.87,3.79,0.36,0.13
11.43,11.38,3.83,4.06,0.37,0.17
14.08,14.1,4.07,5.95,0.45,0.39
14.4,14.33,4.11,6,0.36,0.22
14.84,14.89,4.37,6.3,0.35,0.2
16.95,16.7,4.64,7.28,0.36,0.23
15.95,15.62,4.52,6.33,0.31,0.15
14.97,14.25,4.25,5.51,0.28,0.12
13.71,13.46,4.13,5.22,0.29,0.12
13.76,12.93,3.91,4.93,0.28,0.12
12.71,11.82,3.69,4.42,0.26,0.11
11.93,11.21,3.47,4.29,0.21,0.08
11.09,10.62,3.26,4.06,0.22,0.08
10.69,10.22,3.11,3.89,0.23,0.08
10.32,9.87,3.12,3.74,0.21,0.07
10.02,9.51,3.02,3.67,0.22,0.07
9.73,9.28,2.93,3.61,0.22,0.07
9.61,9.13,2.84,3.6,0.22,0.08
9.46,8.84,2.74,3.53,0.22,0.07
9.39,8.84,2.69,3.6,0.25,0.1
11.05,10.69,2.72,4.93,0.36,0.3
12.25,11.03,2.69,5.15,0.37,0.4
11.19,10.2,2.63,4.54,0.33,0.22
11.1,10.03,2.62,4.43,0.32,0.2
11.4,10.49,2.69,4.91,0.37,0.2
21.14,19.83,5.47,10.68,1.58,0.66
26.01,21.54,5.17,9.82,0.93,0.32
18.77,16.76,4.63,7.13,0.62,0.21
16.39,14.73,4.15,6.14,0.5,0.17
14.13,13.09,3.81,5.45,0.44,0.15
13.65,12.35,3.56,5.09,0.43,0.14
13.33,11.85,3.37,4.87,0.41,0.13
12.81,10.94,3.2,4.5,0.37,0.13
11.79,10.42,3.04,4.24,0.34,0.13
11.35,10.19,3,4.13,0.36,0.13
11.49,10.06,2.94,4.04,0.36,0.13
10.57,9.55,2.85,3.87,0.34,0.12
11.01,9.59,2.89,3.85,0.37,0.12
10.19,8.98,2.69,3.62,0.33,0.1
9.77,8.56,2.6,3.47,0.3,0.1
9.44,8.36,2.55,3.36,0.29,0.09
9.26,8.3,2.49,3.3,0.28,0.08
9.01,8.19,2.45,3.26,0.28,0.08
8.93,7.86,2.43,3.13,0.25,0.07
8.59,7.62,2.37,3.03,0.24,0.07
8.53,7.49,2.4,2.95,0.23,0.07
8.18,7.3,2.29,2.9,0.23,0.06
7.95,7.03,2.17,2.83,0.22,0.06
7.76,6.94,2.18,2.75,0.21,0.06
7.71,6.83,2.14,2.7,0.21,0.06
7.87,6.35,2.09,2.36,0.2,0.06
7.41,5.95,2.06,2.06,0.19,0.05
7.34,5.83,2.04,2.03,0.2,0.05
7.53,5.87,2.02,2.07,0.22,0.05
8.89,6.87,2.11,2.71,0.46,0.1
9.44,7.1,2.03,2.75,0.36,0.14
8.17,6.37,1.94,2.43,0.28,0.11
7.89,6.09,1.92,2.31,0.27,0.1
7.65,5.91,1.88,2.21,0.25,0.1
9.74,7.38,2.04,3.21,0.62,0.17
9.52,6.98,1.97,2.83,0.45,0.15
8.47,6.38,1.89,2.5,0.36,0.1
7.84,6.1,1.85,2.3,0.31,0.08
8.1,6.7,2.04,2.69,0.37,0.08
8.82,7.02,2.03,2.82,0.37,0.1
8.23,6.54,1.94,2.59,0.31,0.08
8.08,6.49,2.04,2.62,0.3,0.12
10.37,8.92,3.24,4.34,0.64,0.32
15.8,13.73,4.14,5.96,0.83,0.17
13.48,11.27,3.5,4.48,0.54,0.12
12.14,10.19,3.18,3.87,0.45,0.1
11.48,9.55,3.03,3.61,0.4,0.08
10.74,8.6,2.83,3,0.36,0.08
9.76,7.91,2.72,2.64,0.34,0.07
9.51,7.64,2.57,2.55,0.32,0.07
9.3,7.5,2.48,2.57,0.3,0.08
9.12,7.27,2.4,2.49,0.28,0.08
8.76,6.87,2.3,2.34,0.27,0.07
8.63,6.45,2.26,2.23,0.25,0.07
8.46,6.43,2.22,2.27,0.23,0.07
8.62,6.37,2.26,2.24,0.25,0.08
8.31,6.12,2.15,2.13,0.22,0.08
7.68,5.95,2.08,2.11,0.22,0.07
7.82,5.73,2.02,1.91,0.22,0.06
7.9,5.68,2,1.94,0.22,0.06
7.86,5.43,1.97,1.89,0.21,0.05
7.89,5.64,2.05,2.07,0.25,0.06
8.73,6.48,2.51,2.27,0.27,0.08
8.35,6.1,2.25,2.09,0.22,0.08
7.89,5.78,2.12,1.92,0.21,0.07
7.7,5.74,2.08,1.87,0.21,0.06
7.75,5.79,2.04,1.82,0.21,0.06
7.6,5.52,2.01,1.79,0.2,0.05
7.52,5.08,1.97,1.74,0.19,0.05
7.15,5.06,1.92,1.71,0.2,0.05
7.03,4.92,1.88,1.67,0.19,0.04
6.86,4.91,1.87,1.69,0.19,0.04
6.74,5,1.85,1.73,0.18,0.04
6.88,4.91,1.82,1.71,0.18,0.04
6.88,4.84,1.81,1.68,0.18,0.04
6.73,4.81,1.78,1.71,0.18,0.04
5.78,4.69,1.76,1.63,0.17,0.04
5.58,4.61,1.73,1.61,0.17,0.04
5.31,4.6,1.72,1.63,0.17,0.04
5.23,4.74,1.63,1.66,0.18,0.04
5.8,5.02,1.69,1.76,0.2,0.05
6.53,5.67,2.08,2.18,0.23,0.05
6.72,5.78,1.96,2.38,0.18,0.06
6.46,5.49,1.91,2.23,0.17,0.08
7.23,6.66,2.04,3.25,0.17,0.13
7.13,6.08,1.92,2.93,0.16,0.08
7.04,6.35,1.97,2.84,0.15,0.08
6.87,6.2,1.87,2.86,0.19,0.1
7.22,7,1.87,3.53,0.15,0.14
6.63,6.32,1.78,3,0.15,0.08
6.78,6.32,1.79,3.04,0.16,0.07
6.5,5.91,1.76,2.74,0.14,0.05
6.23,5.61,1.69,2.56,0.14,0.05
6.23,5.98,1.79,2.63,0.15,0.06
6.14,5.51,1.71,2.33,0.14,0.05
5.87,5.19,1.65,2.24,0.13,0.05
5.69,4.97,1.63,2.01,0.13,0.05
6,5.11,1.69,2.13,0.16,0.05
6.5,5.52,1.82,2.28,0.16,0.05
5.83,5.06,1.69,1.95,0.13,0.04
5.44,4.7,1.63,1.73,0.13,0.04
5.39,4.59,1.6,1.66,0.12,0.04
5.17,4.46,1.59,1.6,0.12,0.04
6.16,5.05,1.74,1.84,0.18,0.05
5.87,4.78,1.63,1.67,0.13,0.05
5.51,4.52,1.54,1.61,0.12,0.04
5.25,4.44,1.53,1.6,0.12,0.03
7.56,7.2,2.03,3.19,0.21,0.22
7.33,6.28,1.71,2.55,0.14,0.14
6.5,5.71,1.65,2.15,0.13,0.07
6.14,5.63,1.44,2.17,0.13,0.08
6.52,5.92,1.51,2.3,0.16,0.14
6.86,6.07,1.49,2.38,0.13,0.11
6.23,5.71,1.42,2.14,0.12,0.07
6.07,5.47,1.39,2.01,0.11,0.05
5.7,5.16,1.36,1.87,0.1,0.04
5.58,4.95,1.35,1.84,0.1,0.04
5.14,4.79,1.31,1.73,0.09,0.04
4.94,4.68,1.3,1.7,0.09,0.04
4.85,4.53,1.29,1.6,0.09,0.03
4.68,4.51,1.29,1.58,0.09,0.03
4.62,4.58,1.28,1.56,0.09,0.03
4.7,4.49,1.27,1.52,0.09,0.03
4.76,4.3,1.26,1.48,0.09,0.03
4.32,4.42,1.26,1.47,0.09,0.03
4.42,4.54,1.29,1.5,0.11,0.03
4.77,4.68,1.3,1.57,0.14,0.03
4.49,4.49,1.27,1.49,0.1,0.03
4.56,4.41,1.28,1.46,0.11,0.03
4.41,4.32,1.26,1.41,0.1,0.03
4.16,4.35,1.26,1.39,0.09,0.03
4.19,4.26,1.27,1.37,0.08,0.03
4.16,4.2,1.26,1.37,0.08,0.03
4.19,4.09,1.24,1.37,0.08,0.03
4.17,4.11,1.24,1.37,0.08,0.02
3.99,4.16,1.22,1.37,0.07,0.03
3.95,4.04,1.12,1.37,0.07,0.02
4.02,4.04,1.23,1.37,0.06,0.02
3.84,4.06,1.21,1.37,0.06,0.02
3.69,3.99,1.2,1.37,0.06,0.02
3.51,3.99,0.43,1.11,0.06,0.02
3.98,4.01,0.43,1.08,0.06,0.02
4.06,4.03,0.44,1.08,0.06,0.02
4.24,4.05,0.44,1.09,0.06,0.03
4.09,3.94,0.44,1.08,0.06,0.02
3.84,3.9,0.44,1.04,0.06,0.02
4.17,3.88,0.45,1.15,0.06,0.02
4.54,4.35,0.45,1.6,0.06,0.02
4.93,4.41,0.46,1.6,0.06,0.02
4.7,4.41,0.47,1.59,0.06,0.02
4.45,4.35,0.47,1.56,0.06,0.02
6.18,4.74,0.51,1.77,0.15,0.02
4.63,4.61,0.5,1.71,0.08,0.02
4.43,4.24,0.49,1.57,0.07,0.02
4.76,4.29,0.51,1.64,0.07,0.03
4.35,4.19,0.52,1.58,0.08,0.03
4.09,4.14,0.51,1.54,0.06,0.03
3.9,4.08,0.51,1.57,0.06,0.02
4.04,4,0.57,1.65,0.07,0.02
3.99,4.05,0.56,1.62,0.06,0.02
3.9,3.87,0.54,1.62,0.06,0.02
3.99,3.77,0.54,1.59,0.05,0.02
3.66,4.25,0.54,1.54,0.05,0.02
4.05,4.46,0.54,1.55,0.05,0.02
3.96,4.43,0.55,1.51,0.05,0.02
4.11,4.44,0.57,1.5,0.06,0.02
4.06,4.41,0.57,1.5,0.05,0.02
3.84,4.38,0.58,1.48,0.05,0.02
3.93,4.33,0.58,1.49,0.05,0.02
4.01,4.32,0.63,1.48,0.05,0.02
4.18,4.35,0.63,1.49,0.05,0.02
3.98,4.33,0.35,1.5,0.06,0.02
4.08,4.36,0.37,1.52,0.06,0.02
4.06,4.36,0.37,1.53,0.06,0.02
4.12,4.29,0.36,1.46,0.05,0.02
4.03,4.2,0.36,1.48,0.05,0.02
4.03,4.16,0.36,1.44,0.05,0.02
3.96,3.78,0.37,1.45,0.05,0.02
3.81,3.46,0.37,1.44,0.05,0.02
3.62,3.19,0.37,1.43,0.05,0.02
3.43,3.13,0.36,1.42,0.05,0.02
3.39,3.16,0.36,1.4,0.05,0.01
3.39,3.08,0.36,1.42,0.04,0.01
3.34,3.04,0.36,1.35,0.05,0.02
3.37,3.27,0.36,1.41,0.05,0.02
3.39,3.26,0.37,1.41,0.05,0.02
3.56,2.77,0.37,1.39,0.05,0.02
3.19,2.93,0.36,1.4,0.04,0.01
3.21,3.09,0.36,1.35,0.05,0.01
3.01,3.08,0.36,1.39,0.04,0.01
3.24,3.15,0.36,1.39,0.04,0.01
3.38,3.16,0.34,1.37,0.04,0.01
3.47,3.12,0.33,1.33,0.04,0.01
3.53,3.05,0.33,1.32,0.04,0.01
3.44,3.11,0.33,1.39,0.04,0.01
3.53,3.09,0.32,1.34,0.04,0.01
3.63,3.11,0.31,1.39,0.03,0.01
3.69,3.1,0.31,1.34,0.04,0.01
3.98,3.24,0.31,1.52,0.07,0.02
4.27,3.44,0.32,1.52,0.06,0.02
4.01,3.27,0.31,1.38,0.06,0.02
3.95,3.24,0.3,1.43,0.06,0.02
3.72,3.34,0.61,1.47,0.07,0.02
3.56,3.25,0.6,1.48,0.06,0.02
3.4,3.14,0.57,1.4,0.05,0.02
3.31,3.02,0.57,1.26,0.05,0.02
3.18,2.61,0.55,0.86,0.05,0.02
2.96,2.69,0.55,0.77,0.05,0.02
2.78,2.7,0.53,0.74,0.05,0.02
2.83,2.75,0.53,0.76,0.05,0.02
2.87,2.76,0.55,0.82,0.06,0.02
3.66,3.32,0.58,1.08,0.15,0.04
5.02,4.14,0.75,1.63,0.15,0.06
4.17,3.4,0.59,1.17,0.08,0.03
3.43,3.09,0.55,1.05,0.07,0.02
3.69,3.06,0.56,1.09,0.09,0.03
3.52,2.94,0.54,1.02,0.08,0.02
3.44,2.77,0.52,0.93,0.07,0.02
4.01,3.12,0.56,1.21,0.1,0.05
3.99,3.16,0.53,1.14,0.08,0.03
3.72,2.93,0.5,1,0.07,0.03
3.31,2.78,0.5,0.95,0.07,0.02
3.41,2.69,0.48,0.91,0.07,0.02
3.65,2.84,0.5,0.97,0.13,0.02
3.64,2.82,0.52,0.98,0.09,0.02
4.02,3.58,0.51,1.25,0.24,0.08
11.3,8.98,1.72,4.36,0.65,0.56
7.76,6.47,0.95,2.73,0.23,0.23
5.76,4.75,0.68,1.74,0.16,0.15
5.46,4.39,0.6,1.47,0.26,0.1
5.55,4.39,0.56,1.52,0.26,0.11
5.57,4.26,0.56,1.38,0.25,0.1
7.02,5.49,1.1,2.42,0.28,0.36
8.96,6.72,1.21,3.08,0.2,0.27
8.7,6.17,1.24,2.74,0.55,0.23
7.93,5.62,1.18,2.45,0.25,0.18
8.61,6.48,1.27,2.73,0.52,0.25
10.61,7.56,1.44,3.42,0.42,0.24
11.28,8.83,1.72,4.41,0.49,0.3
9.82,7.42,1.49,3.26,0.31,0.18
9.27,7.02,1.41,3.01,0.32,0.19
7.94,6.28,1.3,2.67,0.25,0.16
8.52,6.55,1.58,2.85,0.34,0.18
8.4,6.88,1.81,2.94,0.25,0.18
8.33,6.81,1.71,2.86,0.21,0.14
23.89,21.19,4.02,14.21,1.64,1.51
36.05,29.11,6.06,16.59,1.23,0.71
24.03,20.3,4.7,9.48,0.64,0.38
18.73,16.01,3.84,6.78,0.62,0.33
32.48,23.06,4.43,11.95,2.35,0.83
26.53,20.91,4.3,9.58,1.08,0.47
19.69,16.26,3.71,6.59,0.68,0.33
17.09,14.79,3.63,6.13,0.64,0.36
16.01,13.46,3.27,5.62,0.69,0.29
17.74,13.64,3.16,5.71,0.96,0.3
15.12,12.03,2.92,4.82,0.67,0.23
15.8,12.82,2.71,5.29,0.67,0.31
14.89,11.94,2.55,4.87,0.61,0.26
13.75,10.91,2.41,4.4,0.5,0.22
12.74,10.2,2.27,4.05,0.45,0.38
13.02,10.49,2.22,4.49,0.51,0.38
14.38,10.94,2.17,4.87,0.54,0.32
12.89,9.92,2.11,4.21,0.46,0.23
14.24,10.89,2.81,4.63,0.71,0.27
14.91,10.9,2.75,4.63,0.72,0.24
13.04,10.14,2.71,4.14,0.53,0.2
12.61,9.94,2.76,3.98,0.49,0.2
13.26,10.25,2.83,4.07,0.54,0.2
14.14,10.46,2.72,4.17,0.77,0.2
14.02,10.14,2.62,4.07,0.69,0.19
12.62,9.53,2.56,3.83,0.54,0.17
11.82,9.18,2.6,3.67,0.46,0.16
11.27,8.82,2.53,3.45,0.39,0.14
10.95,8.43,2.52,3.27,0.35,0.13
10.58,8.03,2.37,3.1,0.32,0.12
10.14,7.69,2.31,2.93,0.28,0.1
9.68,7.44,2.16,2.79,0.27,0.1
10.26,7.52,2.19,2.94,0.35,0.12
13.53,9.13,2.5,4.17,0.78,0.2
12.41,8.43,2.25,3.77,0.56,0.14
11.71,8.29,2.16,3.85,0.48,0.14
11.25,8.03,2.05,3.68,0.42,0.12
10.51,7.83,2.05,3.51,0.39,0.1
10.28,7.67,2.01,3.38,0.36,0.08
9.81,7.26,2,3.03,0.33,0.08
9.29,6.83,1.98,2.8,0.3,0.07
9.08,6.7,1.96,2.74,0.29,0.07
8.76,6.45,1.92,2.65,0.28,0.07
8.69,6.52,1.96,2.65,0.28,0.06
8.86,6.62,1.92,2.62,0.27,0.07
12.39,8.73,2.4,3.63,0.59,0.15
13.94,8.59,2.14,3.45,0.77,0.12
12.06,7.98,2.1,3.21,0.62,0.1
11.39,7.91,2.32,3.21,0.53,0.09
10.95,7.73,2.31,3.09,0.47,0.08
10.35,7.52,2.23,3.15,0.4,0.08
10.18,7.47,2.17,3.15,0.35,0.07
9.83,7.53,2.16,3.16,0.33,0.07
12.66,9.96,2.52,4.67,0.47,0.12
15.74,11.99,2.99,5.74,0.72,0.33
17.68,13.71,3.42,6.58,0.69,0.26
15.4,12.21,3.15,5.51,0.52,0.15
14.01,11.07,3.01,4.86,0.44,0.11
13.14,10.35,2.85,4.43,0.39,0.11
13.41,10.43,2.89,4.57,0.46,0.13
13.52,10.3,2.8,4.55,0.49,0.13
13.1,9.78,2.68,4.32,0.47,0.12
12.6,9.7,2.65,4.4,0.44,0.12
12.64,9.55,2.6,4.31,0.43,0.11
13.48,9.59,2.55,4.32,0.54,0.1
14.01,9.66,2.48,4.27,0.69,0.1
19.28,10.82,2.46,4.89,1.42,0.09
20.79,11.38,2.52,5.26,1.47,0.1
23.46,13.49,2.81,6.59,1.53,0.13
23.02,13.87,2.89,6.78,1.14,0.17
21.77,16.37,3.49,8.53,0.98,0.49
20.88,16.23,3.63,7.95,0.82,0.43
17.66,14.2,3.43,6.57,0.68,0.24
15.67,12.84,3.21,5.77,0.59,0.2
15.44,12.47,3.22,5.57,0.63,0.19
15.22,11.49,3,5.13,0.6,0.17
14.16,10.53,2.83,4.63,0.49,0.14
14.59,10.54,2.79,4.6,0.5,0.14
16.28,12.58,2.8,5.84,0.99,0.19
36,20.36,2.29,10.39,2.73,0.2
25.78,15.19,2.17,7.08,1.32,0.16
19.24,12.98,2.03,5.9,0.87,0.14
17.64,13.03,2.08,6.26,0.94,0.3
30.86,21.61,3.32,12.93,1.76,1.16
28.06,20.18,3.54,10.03,1.25,0.48
23.85,17.59,3.39,8.13,1.01,0.53
21.94,16.18,3.21,7.45,0.91,0.56
24.8,19.76,3.8,10.19,1.48,0.63
25.61,18.65,3.53,8.98,1.19,0.38
22.25,16.44,3.27,7.48,0.93,0.31
19.59,14.7,2.99,6.55,0.76,0.25
18.75,14.08,2.9,6.13,0.75,0.21
22.31,14.49,2.68,6.36,1.23,0.22
26.17,14.74,2.49,6.59,1.64,0.17
20.5,13.18,2.29,5.84,1.08,0.16
17.49,12.06,2.17,5.33,0.81,0.15
16.37,11.46,2.09,5.04,0.74,0.14
15.9,11.08,2,4.84,0.71,0.14
21.5,14.8,2.19,7.32,1.72,0.33
40.66,31.06,4.97,18.02,2.31,1.3
45.59,34.89,6.57,16.97,1.65,0.59
36.79,27.95,5.58,12.47,1.32,0.47
33.06,24.91,5.25,11.1,1.57,0.53
62.14,42.5,6.97,24.59,4.12,1.08
73.63,58.36,7.34,37.54,2.23,0.58
82.13,61.32,7.65,37.3,4.88,0.8
87.26,54.98,7.47,30.29,3.8,0.53
54.63,38.14,6.2,20.11,1.88,0.38
40.42,29.42,5.29,14.63,1.3,0.31
37.11,25.27,4.66,11.97,1.14,0.26
